Name,Address,City,Rabbi,Affiliation,Phone,Email,Website,Social_Media,Shacharit,Mincha,Maariv,Shabbat,Sunday,Weekday,Kosher_Info,Parking,Accessibility,Additional_Info,URL,Data_Quality_Score,Is_Chabad,Is_Young_Israel,Is_Sephardic,Has_Address,State,Has_Zip
Hanefesh Haelokit,"5650 Stirling Rd, Hollywood, FL 33021, USA",441 Corridor,Rabbi  Israel Nasrati,Unknown,,,,,,,,,,,,,,Refresh page Refresh page Refresh page,https://www.godaven.com/shul-details/20136/hanefesh-haelokit,3,No,No,No,Yes,FL,No
Shalom Rav,"42 SW 54th Ct, Fort Lauderdale, FL 33314, USA",441 Corridor,,Unknown,,,,,,,,,,,,,,Refresh page Refresh page Refresh page,https://www.godaven.com/shul-details/24653/shalom-rav,2,No,No,No,Yes,FL,No
Young Israel Of Hollywood-Fort Lauderdale,"3291 Stirling Rd, Fort Lauderdale, FL 33312, USA",Arapahoe Farms,Rabbi  Yosef Weinstock,Modern Orthodox,,,,,,,,,,,,,,Refresh page Refresh page Refresh page,https://www.godaven.com/shul-details/1170/young-israel-of-hollywood-fort-lauderdale,3,No,Yes,No,Yes,FL,No
Etz Chaim Synagogue,"10167 San Jose Blvd, Jacksonville, FL 32257, USA",Arrowhead,Rabbi  Yaakov Fisch,Unknown,,,,,,,,,,,,,,Refresh page Refresh page Refresh page,https://www.godaven.com/shul-details/742/etz-chaim-synagogue,3,No,No,No,Yes,FL,No
Jacksonville Kollel,"3651 Crown Point Rd, Jacksonville, FL 32257, USA",Arrowhead,,Unknown,,,,,,,,,,,,,,Refresh page Refresh page Refresh page,https://www.godaven.com/shul-details/24491/jacksonville-kollel,2,No,No,No,Yes,FL,No
Aventura Chabad,"2801 NE 210th St, Aventura, FL 33180, USA",Aventura,Rabbi  Laivi Forta,Chabad,,,,,,,,,,,,,,Refresh page Refresh page Refresh page,https://www.godaven.com/shul-details/4385/aventura-chabad,3,Yes,No,No,Yes,FL,No
Breslev Learning Center,"19088 NE 29th Ave, Aventura, FL 33180, USA",Aventura,,Unknown,,,,,,,,,,,,,,Refresh page Refresh page Refresh page,https://www.godaven.com/shul-details/22298/breslev-learning-center-,2,No,No,No,Yes,FL,No
Chabad At Waterways,"3585 NE 207th St, Aventura, FL 33180, USA",Aventura,,Chabad,,,,,,,,,,,,,,Refresh page Refresh page Refresh page,https://www.godaven.com/shul-details/23471/chabad-at-waterways-,2,Yes,No,No,Yes,FL,No
Edmond J. Safra,"19275 Mystic Pointe Dr, Aventura, FL 33180, USA",Aventura,Rabbi  Yosef Galimidi,Unknown,,,,,,,,,,,,,,Refresh page Refresh page Refresh page,https://www.godaven.com/shul-details/7437/edmond-j.-safra,3,No,No,No,Yes,FL,No
Lev Tov Congregation,"3585 NE 207th St, Aventura, FL 33180, USA",Aventura,,Unknown,,,,,,,,,,,,,,Refresh page Refresh page Refresh page,https://www.godaven.com/shul-details/21680/lev-tov-congregation,2,No,No,No,Yes,FL,No
Lubavitch Aventura South,"18449 NE 28th Ct, Aventura, FL 33160, USA",Aventura,Rabbi  Mendel Rosenfeld,Chabad,,,,,,,,,,,,,,Refresh page Refresh page Refresh page,https://www.godaven.com/shul-details/7001/lubavitch-aventura-south,3,Yes,No,No,Yes,FL,No
Willie & Celia Trump Synagogue Of Williams Island,"2000 W Island Blvd, Aventura, FL 33160, USA",Aventura,Rabbi  Jonathan Horowitz,Unknown,,,,,,,,,,,,,,Refresh page Refresh page Refresh page,https://www.godaven.com/shul-details/3075/willie-&-celia-trump-synagogue-of-williams-island,3,No,No,No,Yes,FL,No
Young Israel Of Aventura,"3575 NE 207th St, Aventura, FL 33180, USA",Aventura,,Modern Orthodox,,,,,,,,,,,,,,Refresh page Refresh page Refresh page,https://www.godaven.com/shul-details/2853/young-israel-of-aventura,2,No,Yes,No,Yes,FL,No
Ahavas Torah,"424 W 40th St, Miami Beach, FL 33140, USA",Bayshore,Rabbi  H. Tzvi Neuhaus,Unknown,,,,,,,,,,,,,,Refresh page Refresh page Refresh page,https://www.godaven.com/shul-details/4154/ahavas-torah,3,No,No,No,Yes,FL,No
Bais Menachem,"444 W 40th St, Miami Beach, FL 33140, USA",Bayshore,Rabbi  Yehuda Leib Schapiro,Unknown,,,,,,,,,,,,,,Refresh page Refresh page Refresh page,https://www.godaven.com/shul-details/16627/bais-menachem,3,No,No,No,Yes,FL,No
Beth Eliyahu Mani Sepharadic Shul,"4016 Royal Palm Ave, Miami Beach, FL 33140, USA",Bayshore,Rabbi  Rafael Muratov,Unknown,,,,,,,,,,,,,,Refresh page Refresh page Refresh page,https://www.godaven.com/shul-details/17390/beth-eliyahu-mani-sepharadic-shul,3,No,No,No,Yes,FL,No
Beth Israel Congregation,"770 W 40th St, Miami Beach, FL 33140, USA",Bayshore,Rabbi  Donald Bixon,Unknown,,,,,,,,,,,,,,Refresh page Refresh page Refresh page,https://www.godaven.com/shul-details/3421/beth-israel-congregation,3,No,No,No,Yes,FL,No
Congregation Beth-El At The Hebrew Academy,"2400 Pine Tree Dr, Miami Beach, FL 33140, USA",Bayshore,Rabbi  Soloman Shiff,Unknown,,,,,,,,,,,,,,Refresh page Refresh page Refresh page,https://www.godaven.com/shul-details/18100/congregation-beth-el-at-the-hebrew-academy,3,No,No,No,Yes,FL,No
Congregation Zichron Naftali,"3791 Royal Palm Ave, Miami Beach, FL 33140, USA",Bayshore,Rabbi  Yisroel Janowski,Unknown,,,,,,,,,,,,,,Refresh page Refresh page Refresh page,https://www.godaven.com/shul-details/10119/congregation-zichron-naftali,3,No,No,No,Yes,FL,No
Miami Beach Community Kollel,"3767 Chase Ave, Miami Beach, FL 33140, USA",Bayshore,Rabbi  Yaakov Gross,Unknown,,,,,,,,,,,,,,Refresh page Refresh page Refresh page,https://www.godaven.com/shul-details/2072/miami-beach-community-kollel,3,No,No,No,Yes,FL,No
Chabad Of Bonita Springs & Estero,"24611 S Tamiami Trl, Bonita Springs, FL 34135, USA",Bonita Springs,Rabbi  Mendy Greenberg,Chabad,,,,,,,,,,,,,,Refresh page Refresh page Refresh page,https://www.godaven.com/shul-details/20084/chabad-of-bonita-springs-&-estero,3,Yes,No,No,Yes,FL,No
Anshei Chesed Congregation,"10683 El Clair Ranch Rd, Boynton Beach, FL 33437, USA",Boynton Beach,Rabbi  Avi Billet,Unknown,,,,,,,,,,,,,,Refresh page Refresh page Refresh page,https://www.godaven.com/shul-details/4092/anshei-chesed-congregation,3,No,No,No,Yes,FL,No
Chabad Jewish Center Of West Boynton,"9406 Boynton Beach Blvd, Boynton Beach, FL 33472, USA",Boynton Beach,,Chabad,,,,,,,,,,,,,,Refresh page Refresh page Refresh page,https://www.godaven.com/shul-details/24575/chabad-jewish-center-of-west-boynton,2,Yes,No,No,Yes,FL,No
Chabad-Lubavitch Of Greater Boynton Beach,"10655 El Clair Ranch Rd, Boynton Beach, FL 33437, USA",Boynton Beach,Rabbi  Sholom Ciment,Chabad,,,,,,,,,,,,,,Refresh page Refresh page Refresh page,https://www.godaven.com/shul-details/2125/chabad-lubavitch-of-greater-boynton-beach,3,Yes,No,No,Yes,FL,No
Netzach Yisroel,"10289 Isle Wynd Ct, Boynton Beach, FL 33437, USA",Boynton Beach,,Unknown,,,,,,,,,,,,,,Refresh page Refresh page Refresh page,https://www.godaven.com/shul-details/24432/netzach-yisroel,2,No,No,No,Yes,FL,No
Chabad Of Bradenton,"5712 Lorraine Rd, Bradenton, FL 34211, USA",Bradenton,,Chabad,,,,,,,,,,,,,,Refresh page Refresh page Refresh page,https://www.godaven.com/shul-details/23970/chabad-of-bradenton,2,Yes,No,No,Yes,FL,No
Chabad Of Bradenton & Lakewood Ranch,"5712 Lorraine Rd, Bradenton, FL 34211, USA",Bradenton,,Chabad,,,,,,,,,,,,,,Refresh page Refresh page Refresh page,https://www.godaven.com/shul-details/23968/chabad-of-bradenton-&-lakewood-ranch-,2,Yes,No,No,Yes,FL,No
The Rok Family Shul  - Chabad Downtown Jewish Center,"35 SE 9th St, Miami, FL 33130, USA",Brickell,Rabbi  Chaim Lipskar,Chabad,,,,,,,,,,,,,,Refresh page Refresh page Refresh page,https://www.godaven.com/shul-details/7893/the-rok-family-shul----chabad-downtown-jewish-center-,3,Yes,No,No,Yes,FL,No
Last Week Of August In Orlando,"700 Bloom St, Celebration, FL 34747, USA",Celebration,,Unknown,,,,,,,,,,,,,,Refresh page Refresh page Refresh page,https://www.godaven.com/shul-details/21932/last-week-of-august-in-orlando,2,No,No,No,Yes,FL,No
Out In Brooklyn,"3 Golfs Edge, West Palm Beach, FL 33417, USA",Century Village,,Unknown,,,,,,,,,,,,,,Refresh page Refresh page Refresh page,https://www.godaven.com/shul-details/22441/out-in-brooklyn,2,No,No,No,Yes,FL,No
Eli Langbaum,"Champions Gate Blvd, Four Corners, FL, USA",Championsgate,,Unknown,,,,,,,,,,,,,,Refresh page Refresh page Refresh page,https://www.godaven.com/shul-details/21887/eli-langbaum,2,No,No,No,Yes,FL,No
Shabbos In Orlando,"Championsgate, Four Corners, FL 34747, USA",Championsgate,,Unknown,,,,,,,,,,,,,,Refresh page Refresh page Refresh page,https://www.godaven.com/shul-details/22334/shabbos-in-orlando,2,No,No,No,Yes,FL,No
Chabad Lubavitch Of The Panhandle - Tallahassee,"102 Chapel Dr, Tallahassee, FL 32304, USA",Chapel Ridge,Rabbi  Rabbi  Schneur Z. Oirechman,Chabad,,,,,,,,,,,,,,Refresh page Refresh page Refresh page,https://www.godaven.com/shul-details/1877/chabad-lubavitch-of-the-panhandle---tallahassee,3,Yes,No,No,Yes,FL,No
Bais Menachem Chabad/Weinberg Village,"13005 Community Campus Dr, Tampa, FL 33625, USA",Citrus Park Community,Rabbi  Levi Rivkin,Chabad,,,,,,,,,,,,,,Refresh page Refresh page Refresh page,https://www.godaven.com/shul-details/7270/bais-menachem-chabad/weinberg-village,3,Yes,No,No,Yes,FL,No
Chabad House In Miami Beach,"669 Lincoln Ln N, Miami Beach, FL 33139, USA",City Center,Rabbi  Zev Katz,Chabad,,,,,,,,,,,,,,Refresh page Refresh page Refresh page,https://www.godaven.com/shul-details/7599/chabad-house-in-miami-beach,3,Yes,No,No,Yes,FL,No
Chabad Miami- Bet Ovadia,"3713 Main Hwy, Miami, FL 33133, USA",Coconut Grove,Rabbi  Yakov Fellig,Chabad,,,,,,,,,,,,,,Refresh page Refresh page Refresh page,https://www.godaven.com/shul-details/1700/chabad-miami--bet-ovadia,3,Yes,No,No,Yes,FL,No
Las Olas Chabad Jewish Center,"1302 E Las Olas Blvd, Fort Lauderdale, FL 33301, USA",Colee Hammock,Rabbi  Chaim Slavaticki,Chabad,,,,,,,,,,,,,,Refresh page Refresh page Refresh page,https://www.godaven.com/shul-details/18030/las-olas-chabad-jewish-center,3,Yes,No,No,Yes,FL,No
Chabad Of Downtown Coral Gables,"1827 Ponce de Leon Blvd, Coral Gables, FL 33134, USA",Coral Gables Section,Rabbi  Avrohom Stolik,Chabad,,,,,,,,,,,,,,Refresh page Refresh page Refresh page,https://www.godaven.com/shul-details/19575/chabad-of-downtown-coral-gables,3,Yes,No,No,Yes,FL,No
Chabad Of Southwest Coral Springs,"11325 W Atlantic Blvd, Coral Springs, FL 33071, USA",Coral Springs,Rabbi  Yankie Denburg,Chabad,,,,,,,,,,,,,,Refresh page Refresh page Refresh page,https://www.godaven.com/shul-details/17382/chabad-of-southwest-coral-springs,3,Yes,No,No,Yes,FL,No
Chabad Lubavitch Of Greater Daytona,"1079 W Granada Blvd, Ormond Beach, FL 32174, USA",Costello,Rabbi  Pinchas Ezagui,Chabad,,,,,,,,,,,,,,Refresh page Refresh page Refresh page,https://www.godaven.com/shul-details/16937/chabad-lubavitch-of-greater-daytona,3,Yes,No,No,Yes,FL,No
Chabad Of Greater Daytona,"1079 W Granada Blvd, Ormond Beach, FL 32174, USA",Costello,Rabbi  Pinchas Ezagui,Chabad,,,,,,,,,,,,,,Refresh page Refresh page Refresh page,https://www.godaven.com/shul-details/8754/chabad-of-greater-daytona,3,Yes,No,No,Yes,FL,No
Championsgate - Mid-Winter,"9077 Hazard St, Davenport, FL 33896, USA",Davenport,,Unknown,,,,,,,,,,,,,,Refresh page Refresh page Refresh page,https://www.godaven.com/shul-details/22041/championsgate---mid-winter,2,No,No,No,Yes,FL,No
Chanuka Solterra,"5200 Solterra Blvd, Davenport, FL 33837, USA",Davenport,,Unknown,,,,,,,,,,,,,,Refresh page Refresh page Refresh page,https://www.godaven.com/shul-details/23304/chanuka-solterra,2,No,No,No,Yes,FL,No
Jbh,"5200 Solterra Blvd, Davenport, FL 33837, USA",Davenport,,Unknown,,,,,,,,,,,,,,Refresh page Refresh page Refresh page,https://www.godaven.com/shul-details/22751/jbh,2,No,No,No,Yes,FL,No
Orlando Minyan,"1713 Oak Blossom Dr, Davenport, FL 33837, USA",Davenport,,Unknown,,,,,,,,,,,,,,Refresh page Refresh page Refresh page,https://www.godaven.com/shul-details/24053/orlando-minyan,2,No,No,No,Yes,FL,No
Pessach Solara,"1500 Solana Cir, Davenport, FL 33897, USA",Davenport,,Unknown,,,,,,,,,,,,,,Refresh page Refresh page Refresh page,https://www.godaven.com/shul-details/23489/pessach-solara--,2,No,No,No,Yes,FL,No
"Phoenician Resort, Scottsdale, Az","8575 White Shark Blvd, Davenport, FL 33896, USA",Davenport,,Unknown,,,,,,,,,,,,,,Refresh page Refresh page Refresh page,"https://www.godaven.com/shul-details/21529/phoenician-resort,-scottsdale,-az",2,No,No,No,Yes,FL,No
Sephardic Shabbat Minyan In Daveport Fl,"136 Henley Cir, Davenport, FL 33896, USA",Davenport,,Sephardi,,,,,,,,,,,,,,Refresh page Refresh page Refresh page,https://www.godaven.com/shul-details/24460/sephardic-shabbat-minyan-in-daveport-fl-,2,No,No,Yes,Yes,FL,No
Villatel Davenport,"Davenport, FL, USA",Davenport,,Unknown,,,,,,,,,,,,,,Refresh page Refresh page Refresh page,https://www.godaven.com/shul-details/24892/villatel-davenport-,2,No,No,No,Yes,FL,No
Chabad At Monterra,"5933 S University Dr, Davie, FL 33328, USA",Davie,Rabbi  Adi Goodman,Chabad,,,,,,,,,,,,,,Refresh page Refresh page Refresh page,https://www.godaven.com/shul-details/24583/chabad-at-monterra-,3,Yes,No,No,Yes,FL,No
Chabad Of Sw Broward,"5960 SW 106th Ave, Davie, FL 33328, USA",Davie,Rabbi  Pinny Andrusier,Chabad,,,,,,,,,,,,,,Refresh page Refresh page Refresh page,https://www.godaven.com/shul-details/1526/chabad-of-sw-broward,3,Yes,No,No,Yes,FL,No
Sukkat David,"5700 SW 106th Ave, Davie, FL 33328, USA",Davie,Rabbi  Haim Barda,Unknown,,,,,,,,,,,,,,Refresh page Refresh page Refresh page,https://www.godaven.com/shul-details/5944/sukkat-david,3,No,No,No,Yes,FL,No
Chabad Of Deerfield Beach,"1874 W Hillsboro Blvd, Deerfield Beach, FL 33442, USA",Deerfield Beach,Rabbi  Yossi Goldblatt,Chabad,,,,,,,,,,,,,,Refresh page Refresh page Refresh page,https://www.godaven.com/shul-details/21495/chabad-of-deerfield-beach,3,Yes,No,No,Yes,FL,No
Kahal Anshei Deerfield,"1892 W Hillsboro Blvd, Deerfield Beach, FL 33442, USA",Deerfield Beach,,Unknown,,,,,,,,,,,,,,Refresh page Refresh page Refresh page,https://www.godaven.com/shul-details/23437/kahal-anshei-deerfield,2,No,No,No,Yes,FL,No
Kneses Yechezkel,"1868 W Hillsboro Blvd, Deerfield Beach, FL 33442, USA",Deerfield Beach,,Unknown,,,,,,,,,,,,,,Refresh page Refresh page Refresh page,https://www.godaven.com/shul-details/22798/kneses-yechezkel,2,No,No,No,Yes,FL,No
Young Israel Of Deerfield Beach,"202 Century Blvd, Deerfield Beach, FL 33442, USA",Deerfield Beach,Rabbi  Yisroel  Edelman,Modern Orthodox,,,,,,,,,,,,,,Refresh page Refresh page Refresh page,https://www.godaven.com/shul-details/477/young-israel-of-deerfield-beach,3,No,Yes,No,Yes,FL,No
Deland,"4455 Mills Rd, DeLand, FL 32724, USA",DeLand,,Unknown,,,,,,,,,,,,,,Refresh page Refresh page Refresh page,https://www.godaven.com/shul-details/24894/deland,2,No,No,No,Yes,FL,No
Anshei Emuna Congregation,"16189 Jog Rd, Delray Beach, FL 33446, USA",Delray Beach,Rabbi  Jack Engel,Unknown,,,,,,,,,,,,,,Refresh page Refresh page Refresh page,https://www.godaven.com/shul-details/2013/anshei-emuna-congregation,3,No,No,No,Yes,FL,No
Delray Orthodox Synagogue,"7319 W Atlantic Ave, Delray Beach, FL 33446, United States",Delray Beach,,Orthodox,,,,,,,,,,,,,,Refresh page Refresh page Refresh page,https://www.godaven.com/shul-details/2754/delray-orthodox-synagogue,2,No,No,No,Yes,FL,No
Chabad Of The Emerald Coast,"1219 Airport Rd, Destin, FL 32541, USA",Destin,Rabbi  Shaya Tenenboim,Chabad,,,,,,,,,,,,,,Refresh page Refresh page Refresh page,https://www.godaven.com/shul-details/18537/chabad-of-the-emerald-coast,3,Yes,No,No,Yes,FL,No
Chabad Of Doral,"9572 NW 41st St, Doral, FL 33178, USA",Doral,Rabbi  Avroham Brashevitzky,Chabad,,,,,,,,,,,,,,Refresh page Refresh page Refresh page,https://www.godaven.com/shul-details/7449/chabad-of-doral,3,Yes,No,No,Yes,FL,No
Daily Mincha Minyan,"9990 NW 14th St, Doral, FL 33172, USA",Doral,,Unknown,,,,,,,,,,,,,,Refresh page Refresh page Refresh page,https://www.godaven.com/shul-details/21573/daily-mincha-minyan,2,No,No,No,Yes,FL,No
Freedom Of The Seas 1.22.2024,"PortMiami, Miami, FL 33132, USA",Downtown Miami,,Unknown,,,,,,,,,,,,,,Refresh page Refresh page Refresh page,https://www.godaven.com/shul-details/24416/freedom-of-the-seas-1.22.2024,2,No,No,No,Yes,FL,No
Royal Caribbean (Navigator Of The Seas),"1103 N Cruise Blvd, Miami, FL 33132, USA",Downtown Miami,,Unknown,,,,,,,,,,,,,,Refresh page Refresh page Refresh page,https://www.godaven.com/shul-details/22209/royal-caribbean-(navigator-of-the-seas),2,No,No,No,Yes,FL,No
Chabad Of Walnut Creek,"7561 Sheridan St, Hollywood, FL 33024, USA",Driftwood,,Chabad,,,,,,,,,,,,,,Refresh page Refresh page Refresh page,https://www.godaven.com/shul-details/22880/chabad-of-walnut-creek,2,Yes,No,No,Yes,FL,No
Chabad At Midtown,"221 NE 29th St, Miami, FL 33137, USA",Edgewater,Rabbi  Shmuel Gopin,Chabad,,,,,,,,,,,,,,Refresh page Refresh page Refresh page,https://www.godaven.com/shul-details/20050/chabad-at-midtown,3,Yes,No,No,Yes,FL,No
Aish South Florida,"4010 N 46th Ave, Hollywood, FL 33021, USA",Emerald Hills,Rabbi  Tzvi Nightingale,Unknown,,,,,,,,,,,,,,Refresh page Refresh page Refresh page,https://www.godaven.com/shul-details/4198/aish-south-florida,3,No,No,No,Yes,FL,No
Beis 3770,"3770 N 55th Ave, Hollywood, FL 33021, USA",Emerald Hills,,Unknown,,,,,,,,,,,,,,Refresh page Refresh page Refresh page,https://www.godaven.com/shul-details/24067/beis-3770,2,No,No,No,Yes,FL,No
Beis Medrash Heichal Hatorah,"5100 N Hills Dr, Hollywood, FL 33021, USA",Emerald Hills,Rabbi  Moshe Schreck,Unknown,,,,,,,,,,,,,,Refresh page Refresh page Refresh page,https://www.godaven.com/shul-details/23060/beis-medrash-heichal-hatorah-,3,No,No,No,Yes,FL,No
Emerald Hills Jewish Center Chabad,"4001 N Park Rd, Hollywood, FL 33021, USA",Emerald Hills,Rabbi  Leizer Barash,Chabad,,,,,,,,,,,,,,Refresh page Refresh page Refresh page,https://www.godaven.com/shul-details/7944/emerald-hills-jewish-center-chabad,3,Yes,No,No,Yes,FL,No
Hollywood Community Kollel,"4008 N 46th Ave, Hollywood, FL 33021, USA",Emerald Hills,Rabbi  Moshe Parnes,Unknown,,,,,,,,,,,,,,Refresh page Refresh page Refresh page,https://www.godaven.com/shul-details/17530/hollywood-community-kollel,3,No,No,No,Yes,FL,No
Hollywood Minyen,"5500 N 35th St, Hollywood, FL 33021, USA",Emerald Hills,,Unknown,,,,,,,,,,,,,,Refresh page Refresh page Refresh page,https://www.godaven.com/shul-details/22492/hollywood-minyen,2,No,No,No,Yes,FL,No
"The Jewish Center Sephardic Community,","3391 Griffin Rd, Fort Lauderdale, FL 33312, USA",Fort Lauderdale,,Sephardi,,,,,,,,,,,,,,Refresh page Refresh page Refresh page,"https://www.godaven.com/shul-details/24573/-the-jewish-center-sephardic-community,",2,No,No,Yes,Yes,FL,No
3m Rx Ltc,"6545 Nova Dr, Fort Lauderdale, FL 33317, USA",Fort Lauderdale,,Unknown,,,,,,,,,,,,,,Refresh page Refresh page Refresh page,https://www.godaven.com/shul-details/24010/3m-rx-ltc,2,No,No,No,Yes,FL,No
6:30 Am Ft Lauderdale Airport Terminal 2.,"100 Terminal Dr, Fort Lauderdale, FL 33315, USA",Fort Lauderdale,,Unknown,,,,,,,,,,,,,,Refresh page Refresh page Refresh page,https://www.godaven.com/shul-details/22286/6:30-am-ft-lauderdale-airport-terminal-2.,2,No,No,No,Yes,FL,No
Airport Maariv Minyan,"Terminal 1, 100 Terminal Dr, Fort Lauderdale, FL 33315, USA",Fort Lauderdale,,Unknown,,,,,,,,,,,,,,Refresh page Refresh page Refresh page,https://www.godaven.com/shul-details/22339/airport-maariv-minyan,2,No,No,No,Yes,FL,No
Bet Midrash Ohr Hachayim Hakadosh,"2863 Stirling Rd, Fort Lauderdale, FL 33312, USA",Fort Lauderdale,Rabbi  Menachem Razla,Unknown,,,,,,,,,,,,,,Refresh page Refresh page Refresh page,https://www.godaven.com/shul-details/6868/bet-midrash-ohr-hachayim-hakadosh,3,No,No,No,Yes,FL,No
Bnai Sephardim - Shaari Shalom,"3670 Stirling Rd, Fort Lauderdale, FL 33312, USA",Fort Lauderdale,,Unknown,,,,,,,,,,,,,,Refresh page Refresh page Refresh page,https://www.godaven.com/shul-details/10450/bnai-sephardim---shaari-shalom,2,No,No,No,Yes,FL,No
Celebrity Eastern Carribbean Cruise,"Fort Lauderdale, FL, USA",Fort Lauderdale,,Unknown,,,,,,,,,,,,,,Refresh page Refresh page Refresh page,https://www.godaven.com/shul-details/22251/celebrity-eastern-carribbean-cruise,2,No,No,No,Yes,FL,No
Eliyahu Hanavi Beit Midrash For Kiruv,"2615 Stirling Rd, Fort Lauderdale, FL 33312, USA",Fort Lauderdale,Rabbi  Maoz Itshakov,Unknown,,,,,,,,,,,,,,Refresh page Refresh page Refresh page,https://www.godaven.com/shul-details/18819/eliyahu-hanavi-beit-midrash-for-kiruv,3,No,No,No,Yes,FL,No
Hey Mincha,"2901 Stirling Rd, Fort Lauderdale, FL 33312, USA",Fort Lauderdale,,Unknown,,,,,,,,,,,,,,Refresh page Refresh page Refresh page,https://www.godaven.com/shul-details/23307/hey-mincha,2,No,No,No,Yes,FL,No
Hollywood Bais Medrash,"5344 SW 32nd Ave, Fort Lauderdale, FL 33312, USA",Fort Lauderdale,,Unknown,,,,,,,,,,,,,,Refresh page Refresh page Refresh page,https://www.godaven.com/shul-details/756/hollywood-bais-medrash,2,No,No,No,Yes,FL,No
Hollywood Torah Center,"5860 SW 36th Terrace, Fort Lauderdale, FL 33312, USA",Fort Lauderdale,Rabbi  Yaacov Laredo,Unknown,,,,,,,,,,,,,,Refresh page Refresh page Refresh page,https://www.godaven.com/shul-details/24337/hollywood-torah-center,3,No,No,No,Yes,FL,No
Lchaim Shul,"3830 Shady Ridge Rd, Fort Lauderdale, FL 33312, USA",Fort Lauderdale,,Unknown,,,,,,,,,,,,,,Refresh page Refresh page Refresh page,https://www.godaven.com/shul-details/25041/lchaim-shul,2,No,No,No,Yes,FL,No
Mincha,"Terminal 4, Fort Lauderdale, FL 33315, USA",Fort Lauderdale,,Unknown,,,,,,,,,,,,,,Refresh page Refresh page Refresh page,https://www.godaven.com/shul-details/21870/mincha,2,No,No,No,Yes,FL,No
Nahar Shalom,"3489 Griffin Rd, Fort Lauderdale, FL 33312, USA",Fort Lauderdale,Rabbi  David Botton,Unknown,,,,,,,,,,,,,,Refresh page Refresh page Refresh page,https://www.godaven.com/shul-details/8089/nahar-shalom,3,No,No,No,Yes,FL,No
Or Hamaharitz,"2541 SW 58th Manor, Fort Lauderdale, FL 33312, USA",Fort Lauderdale,,Unknown,,,,,,,,,,,,,,Refresh page Refresh page Refresh page,https://www.godaven.com/shul-details/25147/or-hamaharitz,2,No,No,No,Yes,FL,No
Royal Caribbean Liberty Of The Seas Cruise,"Fort Lauderdale, FL, USA",Fort Lauderdale,,Unknown,,,,,,,,,,,,,,Refresh page Refresh page Refresh page,https://www.godaven.com/shul-details/23922/royal-caribbean-liberty-of-the-seas-cruise,2,No,No,No,Yes,FL,No
Shuva Israel Fort Lauderdale,"2425 Stirling Rd, Fort Lauderdale, FL 33312, USA",Fort Lauderdale,Rabbi  Moree Ivgi,Unknown,,,,,,,,,,,,,,Refresh page Refresh page Refresh page,https://www.godaven.com/shul-details/21414/shuva-israel-fort-lauderdale,3,No,No,No,Yes,FL,No
Sw40th Ave Kehilla Minyan,"5980 SW 40th Ave, Fort Lauderdale, FL 33314, USA",Fort Lauderdale,Rabbi  Yitzchak Marmorstein,Unknown,,,,,,,,,,,,,,Refresh page Refresh page Refresh page,https://www.godaven.com/shul-details/22065/sw40th-ave-kehilla-minyan,3,No,No,No,Yes,FL,No
Tehilat Yitzchak Center,"3342 Griffin Rd, Fort Lauderdale, FL 33312, USA",Fort Lauderdale,Rabbi  Itzchak Lasry,Unknown,,,,,,,,,,,,,,Refresh page Refresh page Refresh page,https://www.godaven.com/shul-details/24910/tehilat-yitzchak-center,3,No,No,No,Yes,FL,No
The Jewish Center,"3391 Griffin Rd, Fort Lauderdale, FL 33312, USA",Fort Lauderdale,Rabbi  Shmaya Waks,Unknown,,,,,,,,,,,,,,Refresh page Refresh page Refresh page,https://www.godaven.com/shul-details/8866/the-jewish-center,3,No,No,No,Yes,FL,No
Yeshiva Bet Menachem,"2863 Stirling Rd, Fort Lauderdale, FL 33312, USA",Fort Lauderdale,Rabbi  Adam Menachem Razla,Unknown,,,,,,,,,,,,,,Refresh page Refresh page Refresh page,https://www.godaven.com/shul-details/10275/yeshiva-bet-menachem,3,No,No,No,Yes,FL,No
Chabad Lubavitch Of Southwest Florida,"5620 Winkler Rd, Fort Myers, FL 33919, USA",Fort Myers,,Chabad,,,,,,,,,,,,,,Refresh page Refresh page Refresh page,https://www.godaven.com/shul-details/1541/chabad-lubavitch-of-southwest-florida,2,Yes,No,No,Yes,FL,No
Champions Gate Orlando,"Champions Gate Blvd, Four Corners, FL, USA",Four Corners,,Unknown,,,,,,,,,,,,,,Refresh page Refresh page Refresh page,https://www.godaven.com/shul-details/22831/champions-gate-orlando,2,No,No,No,Yes,FL,No
Passover Sephardic Minyan (Shuva Israel Orlando),"Castle Pines Ct, Four Corners, FL 34747, ארצות הברית",Four Corners,,Sephardi,,,,,,,,,,,,,,Refresh page Refresh page Refresh page,https://www.godaven.com/shul-details/22389/passover-sephardic-minyan-(shuva-israel-orlando)-,2,No,No,Yes,Yes,FL,No
Chabad Lubavitch Of Fort Lauderdale,"3500 N Ocean Blvd, Fort Lauderdale, FL 33308, USA",Galt Mile,Rabbi  Moishe Meir Lipszyc,Chabad,,,,,,,,,,,,,,Refresh page Refresh page Refresh page,https://www.godaven.com/shul-details/1540/chabad-lubavitch-of-fort-lauderdale,3,Yes,No,No,Yes,FL,No
Ziv’S Minyan And Dvar Torah,"36 NE 1st St, Miami, FL 33132, USA",Government Center,,Unknown,,,,,,,,,,,,,,Refresh page Refresh page Refresh page,https://www.godaven.com/shul-details/25176/ziv%E2%80%99s-minyan-and-dvar-torah,2,No,No,No,Yes,FL,No
Chabad Of South Broward,"1295 E Hallandale Beach Blvd, Hallandale Beach, FL 33009, USA",Hallandale Beach,Rabbi  Raphael Tennenhaus,Chabad,,,,,,,,,,,,,,Refresh page Refresh page Refresh page,https://www.godaven.com/shul-details/2511/chabad-of-south-broward,3,Yes,No,No,Yes,FL,No
Sephardic Congregation Of Hallandale,"1930 E Hallandale Beach Blvd, Hallandale Beach, FL 33009, USA",Hallandale Beach,Rabbi  David Bekel,Sephardi,,,,,,,,,,,,,,Refresh page Refresh page Refresh page,https://www.godaven.com/shul-details/6345/sephardic-congregation-of-hallandale,3,No,No,Yes,Yes,FL,No
Stefaneshta Kloyz  / Yeshivas Amudei Olam,"16235 NW 83rd Ct, Hialeah, FL 33016, USA",Hialeah,,Unknown,,,,,,,,,,,,,,Refresh page Refresh page Refresh page,https://www.godaven.com/shul-details/23773/stefaneshta-kloyz--/-yeshivas-amudei-olam,2,No,No,No,Yes,FL,No
Yeshivas Dor Shevii,"25 E 4th St, Hialeah, FL 33010, USA",Hialeah,Rabbi  Shauli Greenfeld,Unknown,,,,,,,,,,,,,,Refresh page Refresh page Refresh page,https://www.godaven.com/shul-details/24265/yeshivas-dor-shevii,3,No,No,No,Yes,FL,No
Bais Mordechai,"4200 N 66th Ave, Hollywood, FL 33024, USA",Hollywood,Rabbi  Zvi Yehuda Smith,Unknown,,,,,,,,,,,,,,Refresh page Refresh page Refresh page,https://www.godaven.com/shul-details/20134/bais-mordechai,3,No,No,No,Yes,FL,No
Beis Mordechai,"4200 N 66th Ave, Hollywood, FL 33024, USA",Hollywood,,Unknown,,,,,,,,,,,,,,Refresh page Refresh page Refresh page,https://www.godaven.com/shul-details/24967/beis-mordechai-,2,No,No,No,Yes,FL,No
Congregation Judea -Chabad,"6736 Stirling Rd, Hollywood, FL 33024, USA",Hollywood,Rabbi  Joseph Bronstein,Chabad,,,,,,,,,,,,,,Refresh page Refresh page Refresh page,https://www.godaven.com/shul-details/19320/congregation-judea--chabad,3,Yes,No,No,Yes,FL,No
Costa Hotel Orthodox Sepharadic Synagogue,"777 N Ocean Dr, Hollywood, FL 33019, USA",Hollywood Beach,,Orthodox,,,,,,,,,,,,,,Refresh page Refresh page Refresh page,https://www.godaven.com/shul-details/21613/costa-hotel-orthodox-sepharadic-synagogue,2,No,No,No,Yes,FL,No
David Chai Synagogue,"4601 Thomas St, Hollywood, FL 33021, USA",Hollywood Hills,,Unknown,,,,,,,,,,,,,,Refresh page Refresh page Refresh page,https://www.godaven.com/shul-details/22912/david-chai-synagogue,2,No,No,No,Yes,FL,No
"Kehillas Hollywood Hills, Orthodox","1401 E Hawthorne Cir, Hollywood, FL 33021, USA",Hollywood Hills,,Orthodox,,,,,,,,,,,,,,Refresh page Refresh page Refresh page,"https://www.godaven.com/shul-details/24004/kehillas-hollywood-hills,-orthodox",2,No,No,No,Yes,FL,No
Mishkan Yisrael,"4200 Sheridan St, Hollywood, FL 33021, USA",Hollywood Hills,,Unknown,,,,,,,,,,,,,,Refresh page Refresh page Refresh page,https://www.godaven.com/shul-details/11258/mishkan-yisrael,2,No,No,No,Yes,FL,No
Shul Of Hollywood Hills,"2215 N 46th Ave, Hollywood, FL 33021, USA",Hollywood Hills,,Unknown,,,,,,,,,,,,,,Refresh page Refresh page Refresh page,https://www.godaven.com/shul-details/7812/shul-of-hollywood-hills,2,No,No,No,Yes,FL,No
Shul Of The Lakes /Chabad Of East Hollywood,"1350 Harrison St, Hollywood, FL 33019, USA",Hollywood Lakes,,Chabad,,,,,,,,,,,,,,Refresh page Refresh page Refresh page,https://www.godaven.com/shul-details/22913/shul-of-the-lakes-/chabad-of-east-hollywood-,2,Yes,No,No,Yes,FL,No
The Shul Club Of Harbor Island,"1022 Washington St, Hollywood, FL 33019, USA",Hollywood Lakes,,Unknown,,,,,,,,,,,,,,Refresh page Refresh page Refresh page,https://www.godaven.com/shul-details/22806/the-shul-club-of-harbor-island,2,No,No,No,Yes,FL,No
Bais David Chabad,"2001 W Swann Ave, Tampa, FL 33606, USA",Hyde Park,,Chabad,,,,,,,,,,,,,,Refresh page Refresh page Refresh page,https://www.godaven.com/shul-details/5908/bais-david-chabad,2,Yes,No,No,Yes,FL,No
Chabad Of Inverrary,"6700 NW 44th St, Lauderhill, FL 33319, USA",Inverrary,Rabbi  Aaron Lieberman,Chabad,,,,,,,,,,,,,,Refresh page Refresh page Refresh page,https://www.godaven.com/shul-details/24502/chabad-of-inverrary,3,Yes,No,No,Yes,FL,No
Chai Center,"5761 Coral Ridge Dr, Coral Springs, FL 33076, USA",Kensington,Rabbi   Hershy,Unknown,,,,,,,,,,,,,,Refresh page Refresh page Refresh page,https://www.godaven.com/shul-details/20265/chai-center,3,No,No,No,Yes,FL,No
Chabad Of Key Biscayne,"101 Harbor Dr, Key Biscayne, FL 33149, USA",Key Biscayne,Rabbi  Rabbi  Yoel Caroline,Chabad,,,,,,,,,,,,,,Refresh page Refresh page Refresh page,https://www.godaven.com/shul-details/1518/chabad-of-key-biscayne,3,Yes,No,No,Yes,FL,No
Chabad House,"130 Duval St, Key West, FL 33040, USA",Key West,Rabbi  Yaakov Zucker,Chabad,,,,,,,,,,,,,,Refresh page Refresh page Refresh page,https://www.godaven.com/shul-details/17661/chabad-house,3,Yes,No,No,Yes,FL,No
Chabad Of  Key West,"906 Trinity Dr, Key West, FL 33040, USA",Key West,Rabbi  Jacob Zucker,Chabad,,,,,,,,,,,,,,Refresh page Refresh page Refresh page,https://www.godaven.com/shul-details/2769/chabad-of--key-west,3,Yes,No,No,Yes,FL,No
Key West Rosh Chodesh,"3850 N Roosevelt Blvd, Key West, FL 33040, USA",Key West,,Unknown,,,,,,,,,,,,,,Refresh page Refresh page Refresh page,https://www.godaven.com/shul-details/23986/key-west-rosh-chodesh,2,No,No,No,Yes,FL,No
Minyan In The Chabad Key West,"906 Trinity Dr, Key West, FL 33040, USA",Key West,,Chabad,,,,,,,,,,,,,,Refresh page Refresh page Refresh page,https://www.godaven.com/shul-details/25052/minyan-in-the-chabad-key-west-,2,Yes,No,No,Yes,FL,No
Eden Gardens Shul,"331 Lady Alice Dr, Kissimmee, FL 34747, USA",Kissimmee,,Unknown,,,,,,,,,,,,,,Refresh page Refresh page Refresh page,https://www.godaven.com/shul-details/24498/eden-gardens-shul,2,No,No,No,Yes,FL,No
Emerald Island Orlando Mid Winter,"8543 La Isla Dr, Kissimmee, FL 34747, USA",Kissimmee,,Unknown,,,,,,,,,,,,,,Refresh page Refresh page Refresh page,https://www.godaven.com/shul-details/22287/emerald-island-orlando-mid-winter-,2,No,No,No,Yes,FL,No
Formosa Gardens Community (Near Orlando),"7900 Rising Sun Ct, Kissimmee, FL 34747, USA",Kissimmee,,Unknown,,,,,,,,,,,,,,Refresh page Refresh page Refresh page,https://www.godaven.com/shul-details/22241/formosa-gardens-community-(near-orlando),2,No,No,No,Yes,FL,No
Holiday Inn Orange Lake Shabbos,"8505 W Irlo Bronson Memorial Hwy, Kissimmee, FL 34747, USA",Kissimmee,,Unknown,,,,,,,,,,,,,,Refresh page Refresh page Refresh page,https://www.godaven.com/shul-details/22243/holiday-inn-orange-lake-shabbos-,2,No,No,No,Yes,FL,No
Kissimmee Minyan,"109 Madiera Beach Blvd, Kissimmee, FL 34746, USA",Kissimmee,,Unknown,,,,,,,,,,,,,,Refresh page Refresh page Refresh page,https://www.godaven.com/shul-details/22455/kissimmee-minyan,2,No,No,No,Yes,FL,No
Norman Fogel,"4679 Cumbrian Lakes Dr, Kissimmee, FL 34746, USA",Kissimmee,,Unknown,,,,,,,,,,,,,,Refresh page Refresh page Refresh page,https://www.godaven.com/shul-details/21624/norman-fogel,2,No,No,No,Yes,FL,No
Orange Lake Orlando,"8505 W Irlo Bronson Memorial Hwy, Kissimmee, FL 34747, USA",Kissimmee,,Unknown,,,,,,,,,,,,,,Refresh page Refresh page Refresh page,https://www.godaven.com/shul-details/24451/orange-lake-orlando,2,No,No,No,Yes,FL,No
Orlando - Holiday Inn Club - 1/17-1/22,"8505 W Irlo Bronson Memorial Hwy, Kissimmee, FL 34747, USA",Kissimmee,,Unknown,,,,,,,,,,,,,,Refresh page Refresh page Refresh page,https://www.godaven.com/shul-details/23338/orlando---holiday-inn-club---1/17-1/22,2,No,No,No,Yes,FL,No
"Pre-Peasach - Windsor At Westside, Fl","2105 Malta Terrace, Kissimmee, FL 34747, USA",Kissimmee,,Unknown,,,,,,,,,,,,,,Refresh page Refresh page Refresh page,"https://www.godaven.com/shul-details/21675/pre-peasach---windsor-at-westside,-fl",2,No,No,No,Yes,FL,No
Reunion Resort,"7593 Gathering Dr, Kissimmee, FL 34747, USA",Kissimmee,,Unknown,,,,,,,,,,,,,,Refresh page Refresh page Refresh page,https://www.godaven.com/shul-details/22936/reunion-resort,2,No,No,No,Yes,FL,No
Reunion Resort,"7473 Gathering Dr, Kissimmee, FL 34747, USA",Kissimmee,,Unknown,,,,,,,,,,,,,,Refresh page Refresh page Refresh page,https://www.godaven.com/shul-details/23356/reunion-resort-,2,No,No,No,Yes,FL,No
"Reunion Resort, Winter 2019 (Feb 1)","7880 Tradition Blvd, Kissimmee, FL 34747, USA",Kissimmee,,Unknown,,,,,,,,,,,,,,Refresh page Refresh page Refresh page,"https://www.godaven.com/shul-details/22145/reunion-resort,-winter-2019-(feb-1)",2,No,No,No,Yes,FL,No
Shabbat At Westgate Town Center (Near Orlando) - Jan 24-25,"2770 N Old Lake Wilson Rd, Kissimmee, FL 34747, USA",Kissimmee,,Unknown,,,,,,,,,,,,,,Refresh page Refresh page Refresh page,https://www.godaven.com/shul-details/22267/shabbat-at-westgate-town-center-(near-orlando)---jan-24-25,2,No,No,No,Yes,FL,No
Shabbos At Orange Lake,"8505 W Irlo Bronson Memorial Hwy, Kissimmee, FL 34747, USA",Kissimmee,,Unknown,,,,,,,,,,,,,,Refresh page Refresh page Refresh page,https://www.godaven.com/shul-details/22259/shabbos-at-orange-lake,2,No,No,No,Yes,FL,No
Shabbos Chanuka In Solara,"1760 Caribbean View Terrace, Kissimmee, FL 34747, USA",Kissimmee,,Unknown,,,,,,,,,,,,,,Refresh page Refresh page Refresh page,https://www.godaven.com/shul-details/22670/shabbos-chanuka-in-solara,2,No,No,No,Yes,FL,No
Shabbos In Holiday Inn Orange Lake Orlando,"8505 W Irlo Bronson Memorial Hwy, Kissimmee, FL 34747, USA",Kissimmee,,Unknown,,,,,,,,,,,,,,Refresh page Refresh page Refresh page,https://www.godaven.com/shul-details/22213/shabbos-in-holiday-inn-orange-lake-orlando-,2,No,No,No,Yes,FL,No
Shabbos Minyan,"14201 E Orange Lake Blvd, Kissimmee, FL 34747, USA",Kissimmee,,Unknown,,,,,,,,,,,,,,Refresh page Refresh page Refresh page,https://www.godaven.com/shul-details/24983/shabbos-minyan-,2,No,No,No,Yes,FL,No
Shachris Thursday Jan 28th,"Kissimmee, FL, USA",Kissimmee,,Unknown,,,,,,,,,,,,,,Refresh page Refresh page Refresh page,https://www.godaven.com/shul-details/22688/shachris-thursday-jan-28th,2,No,No,No,Yes,FL,No
Simchas Hachaim,"4715 Kings Castle Cir, Kissimmee, FL 34746, USA",Kissimmee,,Unknown,,,,,,,,,,,,,,Refresh page Refresh page Refresh page,https://www.godaven.com/shul-details/23341/simchas-hachaim,2,No,No,No,Yes,FL,No
Solara Resort Kissimmee Orlando,"1743 Caribbean View Terrace, Kissimmee, FL 34747, USA",Kissimmee,,Unknown,,,,,,,,,,,,,,Refresh page Refresh page Refresh page,https://www.godaven.com/shul-details/22984/solara-resort-kissimmee-orlando-,2,No,No,No,Yes,FL,No
Windsor At Westside,"Kissimmee, FL, USA",Kissimmee,,Unknown,,,,,,,,,,,,,,Refresh page Refresh page Refresh page,https://www.godaven.com/shul-details/22250/windsor-at-westside,2,No,No,No,Yes,FL,No
Winter Break - Holiday Inn,"8505 W Irlo Bronson Memorial Hwy, Kissimmee, FL 34747, USA",Kissimmee,,Unknown,,,,,,,,,,,,,,Refresh page Refresh page Refresh page,https://www.godaven.com/shul-details/23340/winter-break---holiday-inn,2,No,No,No,Yes,FL,No
Winter Break At Holiday Inn Club,"8505 W Irlo Bronson Memorial Hwy, Kissimmee, FL 34747, USA",Kissimmee,,Unknown,,,,,,,,,,,,,,Refresh page Refresh page Refresh page,https://www.godaven.com/shul-details/23342/winter-break-at-holiday-inn-club,2,No,No,No,Yes,FL,No
Winter Break At Orange Lake,"8505 W Irlo Bronson Memorial Hwy, Kissimmee, FL 34747, USA",Kissimmee,,Unknown,,,,,,,,,,,,,,Refresh page Refresh page Refresh page,https://www.godaven.com/shul-details/23334/winter-break-at-orange-lake,2,No,No,No,Yes,FL,No
Yaldeinu,"8801 Rhodes St, Kissimmee, FL 34747, USA",Kissimmee,,Unknown,,,,,,,,,,,,,,Refresh page Refresh page Refresh page,https://www.godaven.com/shul-details/22316/yaldeinu,2,No,No,No,Yes,FL,No
Chanukah At Disney,"1850 Animation Way, Lake Buena Vista, FL 32830, USA",Lake Buena Vista,,Unknown,,,,,,,,,,,,,,Refresh page Refresh page Refresh page,https://www.godaven.com/shul-details/23295/chanukah-at-disney,2,No,No,No,Yes,FL,No
Club Wyndham Bonnet Creek,"9560 Via Encinas, Lake Buena Vista, FL 32830, USA",Lake Buena Vista,,Unknown,,,,,,,,,,,,,,Refresh page Refresh page Refresh page,https://www.godaven.com/shul-details/24397/club-wyndham-bonnet-creek-,2,No,No,No,Yes,FL,No
Wyndham Bonnet Creek Disney 1/2 Marathon Minyan,"9560 Via Encinas, Lake Buena Vista, FL 32830, USA",Lake Buena Vista,,Unknown,,,,,,,,,,,,,,Refresh page Refresh page Refresh page,https://www.godaven.com/shul-details/22426/wyndham-bonnet-creek-disney-1/2-marathon-minyan,2,No,No,No,Yes,FL,No
Congregation Or Yaacov,"5677 Brookfield Cir, Fort Lauderdale, FL 33312, USA",Lake Eden,,Unknown,,,,,,,,,,,,,,Refresh page Refresh page Refresh page,https://www.godaven.com/shul-details/23345/congregation-or-yaacov,2,No,No,No,Yes,FL,No
770 Moshiach Center,"4538 Inverrary Blvd, Lauderhill, FL 33319, USA",Lauderhill,Rabbi  Mordechai Anati,Unknown,,,,,,,,,,,,,,Refresh page Refresh page Refresh page,https://www.godaven.com/shul-details/7246/770-moshiach-center,3,No,No,No,Yes,FL,No
Fle Shull,"4856 NW 67th Ave, Lauderhill, FL 33319, USA",Lauderhill,,Unknown,,,,,,,,,,,,,,Refresh page Refresh page Refresh page,https://www.godaven.com/shul-details/24359/fle-shull,2,No,No,No,Yes,FL,No
Jewish Center Of Lighthouse Point,"2025 E Sample Rd, Lighthouse Point, FL 33064, USA",Lighthouse Point,,Unknown,,,,,,,,,,,,,,Refresh page Refresh page Refresh page,https://www.godaven.com/shul-details/20463/jewish-center-of-lighthouse-point,2,No,No,No,Yes,FL,No
Bais Medrash Miami Marlins,"501 Marlins Way, Miami, FL 33125, USA",Little Havana,,Unknown,,,,,,,,,,,,,,Refresh page Refresh page Refresh page,https://www.godaven.com/shul-details/7101/bais-medrash-miami-marlins,2,No,No,No,Yes,FL,No
Nate'S Shul - Chabad Lubavitch Of North Orlando,"1701 Markham Woods Rd, Longwood, FL 32779, USA",Longwood,,Chabad,,,,,,,,,,,,,,Refresh page Refresh page Refresh page,https://www.godaven.com/shul-details/23538/nate's-shul---chabad-lubavitch-of-north-orlando-,2,Yes,No,No,Yes,FL,No
Ahavas Yisrael,"708 Lake Howell Rd, Maitland, FL 32751, USA",Maitland,Rabbi  Sholom Ber Dubov,Unknown,,,,,,,,,,,,,,Refresh page Refresh page Refresh page,https://www.godaven.com/shul-details/2713/ahavas-yisrael,3,No,No,No,Yes,FL,No
Chabad Of Greater Orlando,"708 Lake Howell Rd, Maitland, FL 32751, USA",Maitland,Rabbi   Dubov,Chabad,,,,,,,,,,,,,,Refresh page Refresh page Refresh page,https://www.godaven.com/shul-details/18478/chabad-of-greater-orlando,3,Yes,No,No,Yes,FL,No
Chabad Of South Palm Beach,"224 S Ocean Blvd, Manalapan, FL 33462, USA",Manalapan,Rabbi  Leibel Stolik,Chabad,,,,,,,,,,,,,,Refresh page Refresh page Refresh page,https://www.godaven.com/shul-details/20449/chabad-of-south-palm-beach,3,Yes,No,No,Yes,FL,No
"Mid-Winter In Naples/Marco Island, Florida","Marco Island, FL 34145, USA",Marco Island,,Unknown,,,,,,,,,,,,,,Refresh page Refresh page Refresh page,"https://www.godaven.com/shul-details/22162/mid-winter-in-naples/marco-island,-florida",2,No,No,No,Yes,FL,No
12000 Biscayne Building Minyan Suite 400,"12000 Biscayne Blvd, Miami, FL 33181, USA",Miami,,Unknown,,,,,,,,,,,,,,Refresh page Refresh page Refresh page,https://www.godaven.com/shul-details/22247/12000-biscayne-building-minyan-suite-400,2,No,No,No,Yes,FL,No
Baba Sali Synagogue,"2380 NE 199th St, Miami, FL 33180, USA",Miami,Rabbi   Buzaglo,Unknown,,,,,,,,,,,,,,Refresh page Refresh page Refresh page,https://www.godaven.com/shul-details/20064/baba-sali-synagogue,3,No,No,No,Yes,FL,No
Beit David Highland Lakes Shul,"2600 NE 209th St, Miami, FL 33180, USA",Miami,Rabbi  Rabbi  Eliezer Wolf,Unknown,,,,,,,,,,,,,,Refresh page Refresh page Refresh page,https://www.godaven.com/shul-details/1754/beit-david-highland-lakes-shul,3,No,No,No,Yes,FL,No
Beit Negba Chabad,"1150 NE Miami Gardens Dr, Miami, FL 33179, USA",Miami,Rabbi  Eli Cohen,Chabad,,,,,,,,,,,,,,Refresh page Refresh page Refresh page,https://www.godaven.com/shul-details/17653/beit-negba-chabad-,3,Yes,No,No,Yes,FL,No
Carnival Victory,"Miami, FL, USA",Miami,,Unknown,,,,,,,,,,,,,,Refresh page Refresh page Refresh page,https://www.godaven.com/shul-details/21961/carnival-victory,2,No,No,No,Yes,FL,No
Chabad Of Highland Lakes,"2601 NE 211th Terrace, Miami, FL 33180, USA",Miami,,Chabad,,,,,,,,,,,,,,Refresh page Refresh page Refresh page,https://www.godaven.com/shul-details/19655/chabad-of-highland-lakes,2,Yes,No,No,Yes,FL,No
Chabad Of Kendall/Pinecrest - Weekday Location (Please Contact Our Office For Shabbat Location Information),"8700 SW 112th St, Miami, FL 33176, USA",Miami,Rabbi  Yossi Harlig,Chabad,,,,,,,,,,,,,,Refresh page Refresh page Refresh page,https://www.godaven.com/shul-details/23427/chabad-of-kendall/pinecrest---weekday-location-(please-contact-our-office-for-shabbat-location-information),3,Yes,No,No,Yes,FL,No
Family Shul,"2601 NE 211th Terrace, Miami, FL 33180, USA",Miami,Rabbi  Moishe Kievman,Unknown,,,,,,,,,,,,,,Refresh page Refresh page Refresh page,https://www.godaven.com/shul-details/7260/family-shul,3,No,No,No,Yes,FL,No
Jansteel Mincha,"10763 NW 123rd St, Miami, FL 33178, USA",Miami,,Unknown,,,,,,,,,,,,,,Refresh page Refresh page Refresh page,https://www.godaven.com/shul-details/24963/jansteel-mincha,2,No,No,No,Yes,FL,No
Jewish Leadership Academy,"975 NW 95th St, Miami, FL 33150, USA",Miami,,Unknown,,,,,,,,,,,,,,Refresh page Refresh page Refresh page,https://www.godaven.com/shul-details/24483/jewish-leadership-academy,2,No,No,No,Yes,FL,No
Kahal Chassidim,"961 NE 172nd St, Miami, FL 33162, USA",Miami,,Unknown,,,,,,,,,,,,,,Refresh page Refresh page Refresh page,https://www.godaven.com/shul-details/703/kahal-chassidim,2,No,No,No,Yes,FL,No
Kahal Sefaradim Of The Kollel,"17420 NE 10th Ave, Miami, FL 33162, USA",Miami,,Unknown,,,,,,,,,,,,,,Refresh page Refresh page Refresh page,https://www.godaven.com/shul-details/24492/kahal-sefaradim-of-the-kollel,2,No,No,No,Yes,FL,No
Kehillas Ahavos Shalom,"951 NE 172nd St, Miami, FL 33162, USA",Miami,Rabbi  Noach Peled,Unknown,,,,,,,,,,,,,,Refresh page Refresh page Refresh page,https://www.godaven.com/shul-details/23306/kehillas-ahavos-shalom,3,No,No,No,Yes,FL,No
Kollel Zichron Michel Of Nmb,"990 NE 175th St, Miami, FL 33162, USA",Miami,Rabbi  Aharon Dovid Singer,Unknown,,,,,,,,,,,,,,Refresh page Refresh page Refresh page,https://www.godaven.com/shul-details/10393/kollel-zichron-michel-of-nmb,3,No,No,No,Yes,FL,No
Ltc Rentals,"1140 NW 159th Dr, Miami, FL 33169, USA",Miami,,Unknown,,,,,,,,,,,,,,Refresh page Refresh page Refresh page,https://www.godaven.com/shul-details/24355/ltc-rentals,2,No,No,No,Yes,FL,No
Marriott Villas At Doral,"4101 NW 87th Ave, Miami, FL 33178, USA",Miami,,Unknown,,,,,,,,,,,,,,Refresh page Refresh page Refresh page,https://www.godaven.com/shul-details/22790/marriott-villas-at-doral,2,No,No,No,Yes,FL,No
Marriotts Villas At Doral,"4101 NW 87th Ave, Miami, FL 33166, USA",Miami,,Unknown,,,,,,,,,,,,,,Refresh page Refresh page Refresh page,https://www.godaven.com/shul-details/22791/marriotts-villas-at-doral,2,No,No,No,Yes,FL,No
Mimosa Shul (In Mimosa Apt. Building Basement),"4747 Collins Ave, Miami, FL 33140, USA",Miami,,Unknown,,,,,,,,,,,,,,Refresh page Refresh page Refresh page,https://www.godaven.com/shul-details/2886/mimosa-shul-(in-mimosa-apt.-building-basement),2,No,No,No,Yes,FL,No
Mincha Only Minyan,"10800 Biscayne Blvd, Miami, FL 33161, USA",Miami,,Unknown,,,,,,,,,,,,,,Refresh page Refresh page Refresh page,https://www.godaven.com/shul-details/17480/mincha-only-minyan,2,No,No,No,Yes,FL,No
Netive Ezra,"2655 NE 207th St, Miami, FL 33180, USA",Miami,Rabbi  Avishay Levy,Unknown,,,,,,,,,,,,,,Refresh page Refresh page Refresh page,https://www.godaven.com/shul-details/3354/netive-ezra,3,No,No,No,Yes,FL,No
Norwegian Cruise Encore,"7665 NW 19th St, Miami, FL 33126, USA",Miami,,Unknown,,,,,,,,,,,,,,Refresh page Refresh page Refresh page,https://www.godaven.com/shul-details/23916/norwegian-cruise-encore,2,No,No,No,Yes,FL,No
Pritikin,"8755 NW 36th St, Miami, FL 33178, USA",Miami,,Unknown,,,,,,,,,,,,,,Refresh page Refresh page Refresh page,https://www.godaven.com/shul-details/23791/pritikin-,2,No,No,No,Yes,FL,No
Sephardic Jewish Center / Magen David,"17100 NE 6th Ave, Miami, FL 33162, USA",Miami,Rabbi  Levi Immanuel Storfer,Sephardi,,,,,,,,,,,,,,Refresh page Refresh page Refresh page,https://www.godaven.com/shul-details/6098/sephardic-jewish-center-/-magen-david,3,No,No,Yes,Yes,FL,No
Skylake Chabad,"2355 NE 191st St, Miami, FL 33180, USA",Miami,,Chabad,,,,,,,,,,,,,,Refresh page Refresh page Refresh page,https://www.godaven.com/shul-details/23296/skylake-chabad,2,Yes,No,No,Yes,FL,No
Thanksgiving Royal Carribean Cruise From Miami,"Miami, FL, USA",Miami,,Unknown,,,,,,,,,,,,,,Refresh page Refresh page Refresh page,https://www.godaven.com/shul-details/24253/thanksgiving-royal-carribean-cruise-from-miami,2,No,No,No,Yes,FL,No
Yeshivas Torah Ohr,"17100 NE 6th Ave, Miami, FL 33162, USA",Miami,Rabbi   Storfer,Unknown,,,,,,,,,,,,,,Refresh page Refresh page Refresh page,https://www.godaven.com/shul-details/19574/yeshivas-torah-ohr,3,No,No,No,Yes,FL,No
Yeshivas Yam Hatalmud,"2655 NE 207th St, Miami, FL 33180, USA",Miami,,Unknown,,,,,,,,,,,,,,Refresh page Refresh page Refresh page,https://www.godaven.com/shul-details/24336/yeshivas-yam-hatalmud,2,No,No,No,Yes,FL,No
Young Israel Of Greater Miami,"990 NE 171 St, Miami, FL 33162, USA",Miami,Rabbi  Yaacov Marmor.,Modern Orthodox,,,,,,,,,,,,,,Refresh page Refresh page Refresh page,https://www.godaven.com/shul-details/706/young-israel-of-greater-miami,3,No,Yes,No,Yes,FL,No
Young Israel Of Kendall,"7880 SW 112th St, Miami, FL 33156, USA",Miami,Rabbi  Rabbi  Hershel Becker,Modern Orthodox,,,,,,,,,,,,,,Refresh page Refresh page Refresh page,https://www.godaven.com/shul-details/1352/young-israel-of-kendall,3,No,Yes,No,Yes,FL,No
Carriage Club North Deck Minyan (Access From Boardwalk),"5005 Collins Ave, Miami Beach, FL 33140, USA",Miami Beach,,Unknown,,,,,,,,,,,,,,Refresh page Refresh page Refresh page,https://www.godaven.com/shul-details/23867/carriage-club-north-deck-minyan-(access-from-boardwalk),2,No,No,No,Yes,FL,No
Carriage Club North Deck Minyan Access From Board Walk,"5005 Collins Ave, Miami Beach, FL 33140, USA",Miami Beach,,Unknown,,,,,,,,,,,,,,Refresh page Refresh page Refresh page,https://www.godaven.com/shul-details/23506/carriage-club-north-deck-minyan-access-from-board-walk,2,No,No,No,Yes,FL,No
Congregation Yechezkel Shrage,"5005 Collins Ave, Miami Beach, FL 33140, USA",Miami Beach,,Unknown,,,,,,,,,,,,,,Refresh page Refresh page Refresh page,https://www.godaven.com/shul-details/8455/congregation-yechezkel-shrage,2,No,No,No,Yes,FL,No
Mimosa Hotel,"6525 Collins Ave, Miami Beach, FL 33141, USA",Miami Beach,,Unknown,,,,,,,,,,,,,,Refresh page Refresh page Refresh page,https://www.godaven.com/shul-details/20149/mimosa-hotel,2,No,No,No,Yes,FL,No
"Royal Caribbean Cruise - Oasis Of The Seas (March 1, - March 8 ) Leaving Miami","Miami Beach, FL, USA",Miami Beach,,Unknown,,,,,,,,,,,,,,Refresh page Refresh page Refresh page,"https://www.godaven.com/shul-details/22326/royal-caribbean-cruise---oasis-of-the-seas-(march-1,---march-8-)-leaving-miami",2,No,No,No,Yes,FL,No
Chabad Of Miami Lakes,"14505 Commerce Way, Miami Lakes, FL 33016, USA",Miami Lakes,Rabbi  Rabbi  Weiss,Chabad,,,,,,,,,,,,,,Refresh page Refresh page Refresh page,https://www.godaven.com/shul-details/21807/chabad-of-miami-lakes,3,Yes,No,No,Yes,FL,No
Winter Mincha Minyan Miami Lakes,"14261 Commerce Way, Miami Lakes, FL 33016, USA",Miami Lakes,,Unknown,,,,,,,,,,,,,,Refresh page Refresh page Refresh page,https://www.godaven.com/shul-details/22144/winter-mincha-minyan-miami-lakes--,2,No,No,No,Yes,FL,No
Cong Kol Eliyahu (Formerly Dez),"225 37th St, Miami Beach, FL 33140, USA",Mid-Beach,,Unknown,,,,,,,,,,,,,,Refresh page Refresh page Refresh page,https://www.godaven.com/shul-details/22908/cong-kol-eliyahu-(formerly-dez),2,No,No,No,Yes,FL,No
Menicha Learning Center (Massada Ii Condominium),"3737 Indian Creek Dr, Miami Beach, FL 33140, USA",Mid-Beach,Rabbi  Shloime Torim,Unknown,,,,,,,,,,,,,,Refresh page Refresh page Refresh page,https://www.godaven.com/shul-details/5909/menicha-learning-center-(massada-ii-condominium),3,No,No,No,Yes,FL,No
Synagogue Of Carriage Club South,"5001 Collins Ave, Miami Beach, FL 33140, USA",Mid-Beach,,Unknown,,,,,,,,,,,,,,Refresh page Refresh page Refresh page,https://www.godaven.com/shul-details/4221/synagogue-of-carriage-club-south,2,No,No,No,Yes,FL,No
Zichron Avraham At The Carriage House,"5401 Collins Ave, Miami Beach, FL 33140, USA",Mid-Beach,Rabbi  Bentzion Korf,Unknown,,,,,,,,,,,,,,Refresh page Refresh page Refresh page,https://www.godaven.com/shul-details/10391/zichron-avraham-at-the-carriage-house,3,No,No,No,Yes,FL,No
Achdut Israel Synagogue,"2 Miracle Strip Loop, Panama City Beach, FL 32407, USA",Miracle Strip Business Plaza,Rabbi   Yossef,Unknown,,,,,,,,,,,,,,Refresh page Refresh page Refresh page,https://www.godaven.com/shul-details/11440/achdut-israel-synagogue,3,No,No,No,Yes,FL,No
Traditional Congregation Of Mount Dora,"848 N Donnelly St, Mt Dora, FL 32757, USA",Mt Dora,Rabbi  Hayyim Solomon,Unknown,,,,,,,,,,,,,,Refresh page Refresh page Refresh page,https://www.godaven.com/shul-details/17539/traditional-congregation-of-mount-dora,3,No,No,No,Yes,FL,No
Naples Fl Mid Winter,"9123 Strada Pl, Naples, FL 34108, USA",Naples,,Unknown,,,,,,,,,,,,,,Refresh page Refresh page Refresh page,https://www.godaven.com/shul-details/22759/naples-fl-mid-winter-,2,No,No,No,Yes,FL,No
Bais Binyomin Tzvi,"411 W 41st St, Miami Beach, FL 33140, USA",Nautilus,,Unknown,,,,,,,,,,,,,,Refresh page Refresh page Refresh page,https://www.godaven.com/shul-details/22290/bais-binyomin-tzvi,2,No,No,No,Yes,FL,No
Bais Medrash Of Miami Beach,"445 W 42 St, Miami Beach, FL 33140, USA",Nautilus,,Unknown,,,,,,,,,,,,,,Refresh page Refresh page Refresh page,https://www.godaven.com/shul-details/24077/bais-medrash-of-miami-beach,2,No,No,No,Yes,FL,No
Capt Hyman P Galbut Jlc Chabad,"411 W 41st St, Miami Beach, FL 33140, USA",Nautilus,,Chabad,,,,,,,,,,,,,,Refresh page Refresh page Refresh page,https://www.godaven.com/shul-details/4482/capt-hyman-p-galbut-jlc-chabad,2,Yes,No,No,Yes,FL,No
"Chevra Shas (In Tower 41, Not Open To Public)","4101 Pine Tree Dr, Miami Beach, FL 33140, USA",Nautilus,,Unknown,,,,,,,,,,,,,,Refresh page Refresh page Refresh page,"https://www.godaven.com/shul-details/10114/chevra-shas-(in-tower-41,-not-open-to-public)",2,No,No,No,Yes,FL,No
Jlc Netz Minyan,"411 W 41st St, Miami Beach, FL 33140, USA",Nautilus,,Unknown,,,,,,,,,,,,,,Refresh page Refresh page Refresh page,https://www.godaven.com/shul-details/22833/jlc-netz-minyan-,2,No,No,No,Yes,FL,No
Joshua Abehsera,"411 W 41st St, Miami Beach, FL 33140, USA",Nautilus,,Unknown,,,,,,,,,,,,,,Refresh page Refresh page Refresh page,https://www.godaven.com/shul-details/22809/joshua-abehsera,2,No,No,No,Yes,FL,No
Merchant One Minyan,"524 Arthur Godfrey Rd #300, Miami Beach, FL 33140, USA",Nautilus,,Unknown,,,,,,,,,,,,,,Refresh page Refresh page Refresh page,https://www.godaven.com/shul-details/23490/merchant-one-minyan-,2,No,No,No,Yes,FL,No
Ohr Chaim,"317 W 47th St, Miami Beach, FL 33140, USA",Nautilus,Rabbi  Hachaim Friedman,Unknown,,,,,,,,,,,,,,Refresh page Refresh page Refresh page,https://www.godaven.com/shul-details/746/ohr-chaim,3,No,No,No,Yes,FL,No
Shaare Ezra Sephardic Cong.,"945 W 41st St, Miami Beach, FL 33140, USA",Nautilus,Rabbi  Yehoshua Sova,Sephardi,,,,,,,,,,,,,,Refresh page Refresh page Refresh page,https://www.godaven.com/shul-details/2516/shaare-ezra-sephardic-cong.,3,No,No,Yes,Yes,FL,No
Yeshiva V'Kolel Bais Moshe Chaim At Talmudic University,"4000 Alton Rd, Miami Beach, FL 33140, USA",Nautilus,Rabbi  Yochanan Zweig,Unknown,,,,,,,,,,,,,,Refresh page Refresh page Refresh page,https://www.godaven.com/shul-details/7365/yeshiva-v'kolel-bais-moshe-chaim-at-talmudic-university,3,No,No,No,Yes,FL,No
Temple Moses,"1200 Normandy Dr, Miami Beach, FL 33141, USA",Normandy Isles,Rabbi  Daniel Hadar,Unknown,,,,,,,,,,,,,,Refresh page Refresh page Refresh page,https://www.godaven.com/shul-details/2862/temple-moses,3,No,No,No,Yes,FL,No
Chabad Of North Bay Village,"1580 79th Street Causeway, North Bay Village, FL 33141, USA",North Bay Village,Rabbi  Faivish Dalfin,Chabad,,,,,,,,,,,,,,Refresh page Refresh page Refresh page,https://www.godaven.com/shul-details/10257/chabad-of-north-bay-village,3,Yes,No,No,Yes,FL,No
Chabad Of North Beach,"6345 Collins Ave, Miami Beach, FL 33141, USA",North Beach,Rabbi  Chaim Stern,Chabad,,,,,,,,,,,,,,Refresh page Refresh page Refresh page,https://www.godaven.com/shul-details/19479/chabad-of-north-beach,3,Yes,No,No,Yes,FL,No
Ohev Shalom Congregation,"7055 Bonita Dr, Miami Beach, FL 33141, USA",North Beach,Rabbi  Pinchas Aaron Weberman,Unknown,,,,,,,,,,,,,,Refresh page Refresh page Refresh page,https://www.godaven.com/shul-details/3298/ohev-shalom-congregation,3,No,No,No,Yes,FL,No
Chabad Of North Miami,"12550 Biscayne Blvd, North Miami, FL 33181, USA",North Miami,Rabbi  Avrohom Lipszyc,Chabad,,,,,,,,,,,,,,Refresh page Refresh page Refresh page,https://www.godaven.com/shul-details/8255/chabad-of-north-miami,3,Yes,No,No,Yes,FL,No
Chabad Palm Beach,"844 Prosperity Farms Rd, North Palm Beach, FL 33408, USA",North Palm Beach,Rabbi   Ezagui,Chabad,,,,,,,,,,,,,,Refresh page Refresh page Refresh page,https://www.godaven.com/shul-details/16500/chabad-palm-beach,3,Yes,No,No,Yes,FL,No
Jewish Community Synagogue,"844 Prosperity Farms Rd, North Palm Beach, FL 33408, USA",North Palm Beach,Rabbi  Leib Ezagui,Unknown,,,,,,,,,,,,,,Refresh page Refresh page Refresh page,https://www.godaven.com/shul-details/23115/jewish-community-synagogue-,3,No,No,No,Yes,FL,No
Beit Jacob,"3231 SW 53rd St, Fort Lauderdale, FL 33312, USA",Oakridge,Rabbi  Shimon Harary,Unknown,,,,,,,,,,,,,,Refresh page Refresh page Refresh page,https://www.godaven.com/shul-details/24054/beit-jacob-,3,No,No,No,Yes,FL,No
Ocala Minyan,"519 SW 10th St, Ocala, FL 34471, USA",Ocala,,Unknown,,,,,,,,,,,,,,Refresh page Refresh page Refresh page,https://www.godaven.com/shul-details/22034/ocala-minyan,2,No,No,No,Yes,FL,No
Orlando - Orange Lake Resort,"Orange Lake, FL 32686, USA",Orange Lake,,Unknown,,,,,,,,,,,,,,Refresh page Refresh page Refresh page,https://www.godaven.com/shul-details/24450/orlando---orange-lake-resort-,2,No,No,No,Yes,FL,No
Abraham Ungar,"8800 Universal Blvd, Orlando, FL 32819, USA",Orlando,,Unknown,,,,,,,,,,,,,,Refresh page Refresh page Refresh page,https://www.godaven.com/shul-details/22313/abraham-ungar,2,No,No,No,Yes,FL,No
Chai Lifeline Canada,"Disney's Animal Kingdom, Orlando, FL 32830, USA",Orlando,,Unknown,,,,,,,,,,,,,,Refresh page Refresh page Refresh page,https://www.godaven.com/shul-details/21998/chai-lifeline-canada,2,No,No,No,Yes,FL,No
Chanuka In Orlando (Reunion),"Orlando, FL, USA",Orlando,,Unknown,,,,,,,,,,,,,,Refresh page Refresh page Refresh page,https://www.godaven.com/shul-details/22163/chanuka-in-orlando-(reunion),2,No,No,No,Yes,FL,No
Epcot On Jan 16,"200 Epcot Center Dr, Orlando, FL 32821, ארצות הברית",Orlando,,Unknown,,,,,,,,,,,,,,Refresh page Refresh page Refresh page,https://www.godaven.com/shul-details/22280/epcot-on-jan-16,2,No,No,No,Yes,FL,No
Jan 26-31 2022 Westgate Lakes Minyan,"9500 Turkey Lake Rd, Orlando, FL 32819, USA",Orlando,,Unknown,,,,,,,,,,,,,,Refresh page Refresh page Refresh page,https://www.godaven.com/shul-details/23828/jan-26-31-2022-westgate-lakes-minyan,2,No,No,No,Yes,FL,No
Marriot Grande Vista,"5925 Avenida Vista, Orlando, FL 32821, USA",Orlando,,Unknown,,,,,,,,,,,,,,Refresh page Refresh page Refresh page,https://www.godaven.com/shul-details/22222/marriot-grande-vista,2,No,No,No,Yes,FL,No
Marriott Harbour Lake - Yeshiva Week Minyan,"7102 Grand Horizons Blvd, Orlando, FL 32821, USA",Orlando,,Unknown,,,,,,,,,,,,,,Refresh page Refresh page Refresh page,https://www.godaven.com/shul-details/23333/marriott-harbour-lake---yeshiva-week-minyan,2,No,No,No,Yes,FL,No
Mincha Maariv Disney,"Orlando, FL, USA",Orlando,,Unknown,,,,,,,,,,,,,,Refresh page Refresh page Refresh page,https://www.godaven.com/shul-details/23990/mincha-maariv-disney,2,No,No,No,Yes,FL,No
"Only This Night, I Need To Say Kadish, Please Confirm","12401 International Dr, Orlando, FL 32821, USA",Orlando,,Unknown,,,,,,,,,,,,,,Refresh page Refresh page Refresh page,"https://www.godaven.com/shul-details/24409/only-this-night,-i-need-to-say-kadish,-please-confirm",2,No,No,No,Yes,FL,No
Orlando Shabbos Nachamu,"Orlando, FL, USA",Orlando,,Unknown,,,,,,,,,,,,,,Refresh page Refresh page Refresh page,https://www.godaven.com/shul-details/21857/orlando-shabbos-nachamu,2,No,No,No,Yes,FL,No
Orlando Sheraton Vistana Lake Buena Vista,"8800 Vistana Centre Dr, Orlando, FL 32821, USA",Orlando,,Unknown,,,,,,,,,,,,,,Refresh page Refresh page Refresh page,https://www.godaven.com/shul-details/21521/orlando-sheraton-vistana-lake-buena-vista,2,No,No,No,Yes,FL,No
Orlando Torah Center,"8613 Banyan Blvd, Orlando, FL 32819, USA",Orlando,Rabbi  Menachem Zev Kramer,Unknown,,,,,,,,,,,,,,Refresh page Refresh page Refresh page,https://www.godaven.com/shul-details/16525/orlando-torah-center,3,No,No,No,Yes,FL,No
Orly Davis,"Disney's Animal Kingdom, Orlando, FL 32830, USA",Orlando,,Unknown,,,,,,,,,,,,,,Refresh page Refresh page Refresh page,https://www.godaven.com/shul-details/22001/orly-davis,2,No,No,No,Yes,FL,No
Pesach In Orlando,"12401 International Dr, Orlando, FL 32821, USA",Orlando,,Unknown,,,,,,,,,,,,,,Refresh page Refresh page Refresh page,https://www.godaven.com/shul-details/23383/pesach-in-orlando,2,No,No,No,Yes,FL,No
Reunion Resort (Gathering Drive Area),"Orlando, FL, USA",Orlando,,Unknown,,,,,,,,,,,,,,Refresh page Refresh page Refresh page,https://www.godaven.com/shul-details/22252/reunion-resort-(gathering-drive-area),2,No,No,No,Yes,FL,No
Shaarei Shamu,"7007 Sea World Dr, Orlando, FL 32821, USA",Orlando,,Unknown,,,,,,,,,,,,,,Refresh page Refresh page Refresh page,https://www.godaven.com/shul-details/22291/shaarei-shamu,2,No,No,No,Yes,FL,No
Shabbos In Orlando,"Orlando, FL, USA",Orlando,,Unknown,,,,,,,,,,,,,,Refresh page Refresh page Refresh page,https://www.godaven.com/shul-details/21763/shabbos-in-orlando,2,No,No,No,Yes,FL,No
Sheraton Vistana Resort,"8800 Vistana Centre Dr, Orlando, FL 32821, USA",Orlando,,Unknown,,,,,,,,,,,,,,Refresh page Refresh page Refresh page,https://www.godaven.com/shul-details/21517/sheraton-vistana-resort,2,No,No,No,Yes,FL,No
Sheraton Vistana Resort,"8800 Vistana Centre Dr, Orlando, FL 32821, USA",Orlando,,Unknown,,,,,,,,,,,,,,Refresh page Refresh page Refresh page,https://www.godaven.com/shul-details/22750/sheraton-vistana-resort,2,No,No,No,Yes,FL,No
Sheraton Vistana Resort - Yeshiva Break,"8800 Vistana Centre Dr, Orlando, FL 32821, USA",Orlando,,Unknown,,,,,,,,,,,,,,Refresh page Refresh page Refresh page,https://www.godaven.com/shul-details/23300/sheraton-vistana-resort---yeshiva-break,2,No,No,No,Yes,FL,No
Sheraton Vistana Resort - Yeshiva Break,"8800 Vistana Centre Dr, Orlando, FL 32821, USA",Orlando,,Unknown,,,,,,,,,,,,,,Refresh page Refresh page Refresh page,https://www.godaven.com/shul-details/23321/sheraton-vistana-resort---yeshiva-break,2,No,No,No,Yes,FL,No
Sheraton Vistana Resort Villas,"8800 Vistana Centre Dr, Orlando, FL 32821, USA",Orlando,,Unknown,,,,,,,,,,,,,,Refresh page Refresh page Refresh page,https://www.godaven.com/shul-details/23326/sheraton-vistana-resort-villas,2,No,No,No,Yes,FL,No
Sheraton Vistana Resort Villas Near Disney,"8800 Vistana Centre Dr, Orlando, FL 32821, USA",Orlando,,Unknown,,,,,,,,,,,,,,Refresh page Refresh page Refresh page,https://www.godaven.com/shul-details/22042/sheraton-vistana-resort-villas-near-disney,2,No,No,No,Yes,FL,No
Sheraton Vistana Villages Resort,"12401 International Dr, Orlando, FL 32821, USA",Orlando,,Unknown,,,,,,,,,,,,,,Refresh page Refresh page Refresh page,https://www.godaven.com/shul-details/22275/sheraton-vistana-villages-resort,2,No,No,No,Yes,FL,No
Summer 2020 In Orlando,"Orlando, FL, USA",Orlando,,Unknown,,,,,,,,,,,,,,Refresh page Refresh page Refresh page,https://www.godaven.com/shul-details/22497/summer-2020-in-orlando,2,No,No,No,Yes,FL,No
Vistana Resort - Orlando,"8800 Vistana Centre Dr, Orlando, FL 32821, USA",Orlando,,Unknown,,,,,,,,,,,,,,Refresh page Refresh page Refresh page,https://www.godaven.com/shul-details/24401/vistana-resort---orlando,2,No,No,No,Yes,FL,No
Vistana Resort - Orlando Yeshiva Week 2025,"8800 Vistana Centre Dr, Orlando, FL 32821, USA",Orlando,,Unknown,,,,,,,,,,,,,,Refresh page Refresh page Refresh page,https://www.godaven.com/shul-details/24975/vistana-resort---orlando-yeshiva-week-2025,2,No,No,No,Yes,FL,No
Vistana Resort - Yeshiva Week,"Orlando, FL, USA",Orlando,,Unknown,,,,,,,,,,,,,,Refresh page Refresh page Refresh page,https://www.godaven.com/shul-details/23895/vistana-resort---yeshiva-week,2,No,No,No,Yes,FL,No
Walt Disney World 4/3-4/6,"Orlando, FL, USA",Orlando,,Unknown,,,,,,,,,,,,,,Refresh page Refresh page Refresh page,https://www.godaven.com/shul-details/23218/walt-disney-world-4/3-4/6,2,No,No,No,Yes,FL,No
Winter Break Floridays Resort - Jan 18th & 25th,"12562 International Dr, Orlando, FL 32821, USA",Orlando,,Unknown,,,,,,,,,,,,,,Refresh page Refresh page Refresh page,https://www.godaven.com/shul-details/22261/winter-break-floridays-resort---jan-18th-&-25th,2,No,No,No,Yes,FL,No
Yeshiva Break At Sheraton Vistana Resort,"8800 Vistana Centre Dr, Orlando, FL 32821, USA",Orlando,,Unknown,,,,,,,,,,,,,,Refresh page Refresh page Refresh page,https://www.godaven.com/shul-details/22082/yeshiva-break-at-sheraton-vistana-resort,2,No,No,No,Yes,FL,No
Yeshiva Week Seaworld Minyan,"6924 Grand Vacations Way, Orlando, FL 32821, USA",Orlando,,Unknown,,,,,,,,,,,,,,Refresh page Refresh page Refresh page,https://www.godaven.com/shul-details/22183/yeshiva-week-seaworld-minyan,2,No,No,No,Yes,FL,No
Yeshurun,"8800 Vistana Centre Dr, Orlando, FL 32821, USA",Orlando,,Unknown,,,,,,,,,,,,,,Refresh page Refresh page Refresh page,https://www.godaven.com/shul-details/24408/yeshurun,2,No,No,No,Yes,FL,No
Yehudi Orlando,"3925 Lockwood Blvd, Oviedo, FL 32765, USA",Oviedo,,Unknown,,,,,,,,,,,,,,Refresh page Refresh page Refresh page,https://www.godaven.com/shul-details/22256/yehudi-orlando,2,No,No,No,Yes,FL,No
Chabad Of Northern Palm Beach Island,"361 S County Rd, Palm Beach, FL 33480, USA",Palm Beach,Rabbi  Zalman Levitin,Chabad,,,,,,,,,,,,,,Refresh page Refresh page Refresh page,https://www.godaven.com/shul-details/7168/chabad-of-northern-palm-beach-island,3,Yes,No,No,Yes,FL,No
New Synagogue Of Palm Beach,"235 Sunrise Ave, Palm Beach, FL 33480, USA",Palm Beach,Rabbi  Barak Bar-Chaim,Unknown,,,,,,,,,,,,,,Refresh page Refresh page Refresh page,https://www.godaven.com/shul-details/7865/new-synagogue-of-palm-beach,3,No,No,No,Yes,FL,No
Palm Beach Synagogue,"120 N County Rd, Palm Beach, FL 33480, USA",Palm Beach,Rabbi  Moshe Scheiner,Unknown,,,,,,,,,,,,,,Refresh page Refresh page Refresh page,https://www.godaven.com/shul-details/844/palm-beach-synagogue,3,No,No,No,Yes,FL,No
Chabad Of Palm Beach Gardens,"6100 PGA Boulevard, Palm Beach Gardens, FL 33418, USA",Palm Beach Gardens,Rabbi  Dovid Vigler,Chabad,,,,,,,,,,,,,,Refresh page Refresh page Refresh page,https://www.godaven.com/shul-details/17500/chabad-of-palm-beach-gardens,3,Yes,No,No,Yes,FL,No
Gardens Jewish Experience,"10800 N Military Trl, Palm Beach Gardens, FL 33410, USA",Palm Beach Gardens,Rabbi  Moshe Cheplowitz,Unknown,,,,,,,,,,,,,,Refresh page Refresh page Refresh page,https://www.godaven.com/shul-details/3574/gardens-jewish-experience,3,No,No,No,Yes,FL,No
Torah V'Emunah,"19 Mt Vernon Ln, Palm Coast, FL 32164, USA",Palm Coast,,Unknown,,,,,,,,,,,,,,Refresh page Refresh page Refresh page,https://www.godaven.com/shul-details/17759/torah-v'emunah,2,No,No,No,Yes,FL,No
Young Israel-Chabad Of Pinellas County,"3696 Fisher Rd, Palm Harbor, FL 34683, USA",Palm Harbor,Rabbi  Pinchas Adler,Chabad,,,,,,,,,,,,,,Refresh page Refresh page Refresh page,https://www.godaven.com/shul-details/1718/young-israel-chabad-of-pinellas-county,3,Yes,Yes,No,Yes,FL,No
Chabad Jewish Learning Center Of Palmetto Bay,"16721 SW 78th Ct, Palmetto Bay, FL 33157, USA",Palmetto Bay,Rabbi  Zalman Gansburg,Chabad,,,,,,,,,,,,,,Refresh page Refresh page Refresh page,https://www.godaven.com/shul-details/17633/chabad-jewish-learning-center-of-palmetto-bay,3,Yes,No,No,Yes,FL,No
Chabad Of Parkland,"7170 Loxahatchee Rd, Parkland, FL 33067, USA",Parkland,Rabbi  Yosef Biston,Chabad,,,,,,,,,,,,,,Refresh page Refresh page Refresh page,https://www.godaven.com/shul-details/1719/chabad-of-parkland,3,Yes,No,No,Yes,FL,No
Chabad Jewish Center,"1716 Cape Coral Pkwy W, Cape Coral, FL 33914, USA",Pelican,Rabbi  Yossi Labkowski,Chabad,,,,,,,,,,,,,,Refresh page Refresh page Refresh page,https://www.godaven.com/shul-details/4496/chabad-jewish-center,3,Yes,No,No,Yes,FL,No
Young Israel/Chabad Of Century Village In Pembroke Pines,"13600 SW 10th St, Pembroke Pines, FL 33027, USA",Pembroke Pines,Rabbi  Shimon Andrusier,Chabad,,,,,,,,,,,,,,Refresh page Refresh page Refresh page,https://www.godaven.com/shul-details/19008/young-israel/chabad-of-century-village-in-pembroke-pines,3,Yes,Yes,No,Yes,FL,No
Chabad Of Jacksonville,"10129 Haley Rd, Jacksonville, FL 32257, USA",Pickwick Park,Rabbi  Yoseph Kahanov,Chabad,,,,,,,,,,,,,,Refresh page Refresh page Refresh page,https://www.godaven.com/shul-details/842/chabad-of-jacksonville,3,Yes,No,No,Yes,FL,No
Chabad Of Plantation,"10165 Cleary Blvd, Plantation, FL 33324, USA",Plantation,Rabbi  Menachem Posner,Chabad,,,,,,,,,,,,,,Refresh page Refresh page Refresh page,https://www.godaven.com/shul-details/7889/chabad-of-plantation,3,Yes,No,No,Yes,FL,No
Tiferet Rafael Sephardi Synagogue Of Plantation,"9665 W Broward Blvd, Plantation, FL 33324, USA",Plantation,Rabbi  Itzchak Lasry,Unknown,,,,,,,,,,,,,,Refresh page Refresh page Refresh page,https://www.godaven.com/shul-details/5693/tiferet-rafael-sephardi-synagogue-of-plantation,3,No,No,No,Yes,FL,No
Loan Lawyers  Llc Mincha And Lunch,"2150 S Andrews Ave, Fort Lauderdale, FL 33316, USA",Poinciana Park,,Unknown,,,,,,,,,,,,,,Refresh page Refresh page Refresh page,https://www.godaven.com/shul-details/19881/loan-lawyers--llc-mincha-and-lunch,2,No,No,No,Yes,FL,No
Chabad @ The Beaches,"521 A1A N, Ponte Vedra Beach, FL 32082, USA",Ponte Vedra Beach,Rabbi   Kurinsky,Chabad,,,,,,,,,,,,,,Refresh page Refresh page Refresh page,https://www.godaven.com/shul-details/8584/chabad-@-the-beaches,3,Yes,No,No,Yes,FL,No
"Disney Dream Cruise: Port Canaveral, Fl","9155 Charles M Rowland Dr, Port Canaveral, FL 32920, USA",Port Canaveral,,Unknown,,,,,,,,,,,,,,Refresh page Refresh page Refresh page,"https://www.godaven.com/shul-details/21520/disney-dream-cruise:-port-canaveral,-fl",2,No,No,No,Yes,FL,No
Disney Dream January 21 To 26,"9155 Charles M Rowland Dr, Port Canaveral, FL 32920, USA",Port Canaveral,,Unknown,,,,,,,,,,,,,,Refresh page Refresh page Refresh page,https://www.godaven.com/shul-details/24443/disney-dream-january-21-to-26,2,No,No,No,Yes,FL,No
David Wolfson,"7635 Fairfax Dr, Reunion, FL 34747, USA",Reunion,,Unknown,,,,,,,,,,,,,,Refresh page Refresh page Refresh page,https://www.godaven.com/shul-details/22220/david-wolfson,2,No,No,No,Yes,FL,No
Eliyahu Turk,"7635 Fairfax Dr, Reunion, FL 34747, USA",Reunion,,Unknown,,,,,,,,,,,,,,Refresh page Refresh page Refresh page,https://www.godaven.com/shul-details/22343/eliyahu-turk,2,No,No,No,Yes,FL,No
"Jan 25th Reunion, Orlando, Fl","Reunion, Four Corners, FL 34747, USA",Reunion,,Unknown,,,,,,,,,,,,,,Refresh page Refresh page Refresh page,"https://www.godaven.com/shul-details/22215/jan-25th-reunion,-orlando,-fl",2,No,No,No,Yes,FL,No
Orlando August 2019,"1297 Grand Traverse Pkwy, Reunion, FL 34747, USA",Reunion,,Unknown,,,,,,,,,,,,,,Refresh page Refresh page Refresh page,https://www.godaven.com/shul-details/21623/orlando-august-2019,2,No,No,No,Yes,FL,No
Reunion Minyan (Miami Beach Chevra),"7473 Gathering Loop, Reunion, FL 34747, USA",Reunion,,Unknown,,,,,,,,,,,,,,Refresh page Refresh page Refresh page,https://www.godaven.com/shul-details/24002/reunion-minyan-(miami-beach-chevra),2,No,No,No,Yes,FL,No
Reunion Resort,"736 Desert Mountain Ct, Reunion, FL 34747, USA",Reunion,,Unknown,,,,,,,,,,,,,,Refresh page Refresh page Refresh page,https://www.godaven.com/shul-details/23278/reunion-resort,2,No,No,No,Yes,FL,No
Reunion/Champions Gate/Solara/Solterra - Coordinated By Orlando Torah Academy,"Reunion, Four Corners, FL 34747, USA",Reunion,,Unknown,,,,,,,,,,,,,,Refresh page Refresh page Refresh page,https://www.godaven.com/shul-details/22159/reunion/champions-gate/solara/solterra---coordinated-by-orlando-torah-academy,2,No,No,No,Yes,FL,No
Chabad At University Of Miami,"1251 Hardee Rd, Coral Gables, FL 33146, USA",Riviera,,Chabad,,,,,,,,,,,,,,Refresh page Refresh page Refresh page,https://www.godaven.com/shul-details/22047/chabad-at-university-of-miami,2,Yes,No,No,Yes,FL,No
Chabad Of South Orlando,"7347 W Sand Lake Rd, Sand Lake, FL 32819, USA",Sand Lake,Rabbi  Rabbi  Yosef Konikov,Chabad,,,,,,,,,,,,,,Refresh page Refresh page Refresh page,https://www.godaven.com/shul-details/1636/chabad-of-south-orlando,3,Yes,No,No,Yes,FL,No
Chabad Jewish Center Of Sarasota Fl,"7700 S Beneva Rd, Sarasota, FL 34238, USA",Sarasota,Rabbi  Rabbi  Chaim Steinmetz,Chabad,,,,,,,,,,,,,,Refresh page Refresh page Refresh page,https://www.godaven.com/shul-details/1559/chabad-jewish-center-of-sarasota-fl,3,Yes,No,No,Yes,FL,No
Chabad Of Pembroke Pines,"17900 NW 5th St, Pembroke Pines, FL 33029, USA",SilverLakes,Rabbi  Mordechai Andrusier,Chabad,,,,,,,,,,,,,,Refresh page Refresh page Refresh page,https://www.godaven.com/shul-details/8281/chabad-of-pembroke-pines,3,Yes,No,No,Yes,FL,No
Chabad In South Beach,"320 Meridian Ave, Miami Beach, FL 33139, USA",South Beach,Rabbi  Shragi Mann,Chabad,,,,,,,,,,,,,,Refresh page Refresh page Refresh page,https://www.godaven.com/shul-details/3681/chabad-in-south-beach,3,Yes,No,No,Yes,FL,No
Chabad Of Fl Headquarters,"1140 Alton Rd, Miami Beach, FL 33139, USA",South Beach,Rabbi  Avrohom Korf,Chabad,,,,,,,,,,,,,,Refresh page Refresh page Refresh page,https://www.godaven.com/shul-details/19285/chabad-of-fl-headquarters,3,Yes,No,No,Yes,FL,No
Yeshiva Gedolah Of Greater Miami,"1140 Alton Rd, Miami Beach, FL 33139, USA",South Beach,Rabbi  Benche Korf,Unknown,,,,,,,,,,,,,,Refresh page Refresh page Refresh page,https://www.godaven.com/shul-details/19284/yeshiva-gedolah-of-greater-miami,3,No,No,No,Yes,FL,No
Jay Zyskind,"6000 Universal Blvd, Orlando, FL 32819, USA",Southwest Orlando,,Unknown,,,,,,,,,,,,,,Refresh page Refresh page Refresh page,https://www.godaven.com/shul-details/21822/jay-zyskind,2,No,No,No,Yes,FL,No
Layl Shabbos Westgate Palace,"6145 Carrier Dr, Orlando, FL 32819, USA",Southwest Orlando,,Unknown,,,,,,,,,,,,,,Refresh page Refresh page Refresh page,https://www.godaven.com/shul-details/22330/layl-shabbos-westgate-palace,2,No,No,No,Yes,FL,No
Universal Studios Orlando - Yeshiva Week,"6000 Universal Blvd, Orlando, FL 32819, USA",Southwest Orlando,,Unknown,,,,,,,,,,,,,,Refresh page Refresh page Refresh page,https://www.godaven.com/shul-details/22295/universal-studios-orlando---yeshiva-week,2,No,No,No,Yes,FL,No
Arlen House 100 In Sunny Isles Beach,"Collins Ave, Florida, USA",Sunny Isles Beach,,Unknown,,,,,,,,,,,,,,Refresh page Refresh page Refresh page,https://www.godaven.com/shul-details/7581/arlen-house-100-in-sunny-isles-beach,2,No,No,No,Yes,,No
Beit Rambam,"17700 Collins Ave, Sunny Isles Beach, FL 33160, USA",Sunny Isles Beach,Rabbi  Iosef Benchimol,Unknown,,,,,,,,,,,,,,Refresh page Refresh page Refresh page,https://www.godaven.com/shul-details/10781/beit-rambam,3,No,No,No,Yes,FL,No
Chabad Of Golden Beach,"19201 Collins Ave, Sunny Isles Beach, FL 33160, USA",Sunny Isles Beach,Rabbi  Chay Amar,Chabad,,,,,,,,,,,,,,Refresh page Refresh page Refresh page,https://www.godaven.com/shul-details/6088/chabad-of-golden-beach,3,Yes,No,No,Yes,FL,No
Chabad Of Sunny Isles Beach,"17555 Atlantic Blvd, Sunny Isles Beach, FL 33160, USA",Sunny Isles Beach,Rabbi  Yisrael Baron,Chabad,,,,,,,,,,,,,,Refresh page Refresh page Refresh page,https://www.godaven.com/shul-details/7555/chabad-of-sunny-isles-beach,3,Yes,No,No,Yes,FL,No
Chabad Russian Center,"488 Sunny Isles Blvd, Sunny Isles Beach, FL 33160, USA",Sunny Isles Beach,Rabbi  Alexander Kaller,Chabad,,,,,,,,,,,,,,Refresh page Refresh page Refresh page,https://www.godaven.com/shul-details/19726/chabad-russian-center,3,Yes,No,No,Yes,FL,No
Sharei Tzion Moshiach Center,"17395 N Bay Rd, Sunny Isles Beach, FL 33160, USA",Sunny Isles Beach,Rabbi  Dovid Cohen,Unknown,,,,,,,,,,,,,,Refresh page Refresh page Refresh page,https://www.godaven.com/shul-details/21682/sharei-tzion-moshiach-center,3,No,No,No,Yes,FL,No
Young Israel Of Sunny Isles (North Miami Beach),"17395 N Bay Rd, Sunny Isles Beach, FL 33160, USA",Sunny Isles Beach,Rabbi  Moshe Maeir Haber,Modern Orthodox,,,,,,,,,,,,,,Refresh page Refresh page Refresh page,https://www.godaven.com/shul-details/1230/young-israel-of-sunny-isles-(north-miami-beach),3,No,Yes,No,Yes,FL,No
Rashbi Jewish Congregation Of Sunrise,"10082 W Oakland Park Blvd, Sunrise, FL 33351, USA",Sunrise,Rabbi  Daniel Shahino,Unknown,,,,,,,,,,,,,,Refresh page Refresh page Refresh page,https://www.godaven.com/shul-details/8167/rashbi-jewish-congregation-of-sunrise,3,No,No,No,Yes,FL,No
Rashbi Synagogue,"10082 W Oakland Park Blvd, Sunrise, FL 33351, USA",Sunrise,Rabbi  Daniel Shahino,Unknown,,,,,,,,,,,,,,Refresh page Refresh page Refresh page,https://www.godaven.com/shul-details/8146/rashbi-synagogue,3,No,No,No,Yes,FL,No
Hechal Shalom Or Oziel Sephardic Congregation,"310 95th St, Surfside, FL 33154, USA",Surfside,,Sephardi,,,,,,,,,,,,,,Refresh page Refresh page Refresh page,https://www.godaven.com/shul-details/4334/hechal-shalom-or-oziel-sephardic-congregation,2,No,No,Yes,Yes,FL,No
Magen David Congregation Of Surfside,"9348 Harding Ave, Surfside, FL 33154, USA",Surfside,Rabbi  Gavriel Koskas,Unknown,,,,,,,,,,,,,,Refresh page Refresh page Refresh page,https://www.godaven.com/shul-details/6259/magen-david-congregation-of-surfside,3,No,No,No,Yes,FL,No
The Sephardic Center,"9524 Abbott Ave, Surfside, FL 33154, USA",Surfside,,Sephardi,,,,,,,,,,,,,,Refresh page Refresh page Refresh page,https://www.godaven.com/shul-details/24468/the-sephardic-center,2,No,No,Yes,Yes,FL,No
The Shul Of Bal Harbour (Nusach Ari Minyan),"9540 Collins Ave, Surfside, FL 33154, USA",Surfside,Rabbi  Sholom Lipskar,Unknown,,,,,,,,,,,,,,Refresh page Refresh page Refresh page,https://www.godaven.com/shul-details/1178/the-shul-of-bal-harbour-(nusach-ari-minyan),3,No,No,No,Yes,FL,No
The Shul Of Bal Harbour (Sephardic Minyan),"9540 Collins Ave, Surfside, FL 33154, USA",Surfside,Rabbi  Shea Rubinstein,Sephardi,,,,,,,,,,,,,,Refresh page Refresh page Refresh page,https://www.godaven.com/shul-details/3357/the-shul-of-bal-harbour-(sephardic-minyan),3,No,No,Yes,Yes,FL,No
The Surfside Minyan,"8846 Harding Ave, Surfside, FL 33154, USA",Surfside,,Unknown,,,,,,,,,,,,,,Refresh page Refresh page Refresh page,https://www.godaven.com/shul-details/24020/the-surfside-minyan,2,No,No,No,Yes,FL,No
Young Israel Of Bal Harbour,"9580 Abbott Ave, Surfside, FL 33154, USA",Surfside,Rabbi  Moshe Grunstein,Modern Orthodox,,,,,,,,,,,,,,Refresh page Refresh page Refresh page,https://www.godaven.com/shul-details/2449/young-israel-of-bal-harbour,3,No,Yes,No,Yes,FL,No
Bais Chaya,"8100 N University Dr, Tamarac, FL 33321, USA",Tamarac,Rabbi  Moshe Rabin,Unknown,,,,,,,,,,,,,,Refresh page Refresh page Refresh page,https://www.godaven.com/shul-details/19899/bais-chaya,3,No,No,No,Yes,FL,No
Chabad Of Tamarac,"8100 N University Dr, Tamarac, FL 33321, USA",Tamarac,Rabbi  Mendy Engel,Chabad,,,,,,,,,,,,,,Refresh page Refresh page Refresh page,https://www.godaven.com/shul-details/8178/chabad-of-tamarac,3,Yes,No,No,Yes,FL,No
Temple Beth Torah Sha'Ray Tzedek,"5700 NW 94th Ave, Tamarac, FL 33321, USA",Tamarac,,Unknown,,,,,,,,,,,,,,Refresh page Refresh page Refresh page,https://www.godaven.com/shul-details/16595/temple-beth-torah-sha'ray-tzedek,2,No,No,No,Yes,FL,No
Anshei Lubavitch,"13207 N 52nd St, Tampa, FL 33617, USA",Tampa,Rabbi  Uriel Rivkin,Chabad,,,,,,,,,,,,,,Refresh page Refresh page Refresh page,https://www.godaven.com/shul-details/19903/anshei-lubavitch,3,Yes,No,No,Yes,FL,No
Bais Tefilah (Chabad Lubavitch),"14908 Pennington Rd, Tampa, FL 33624, USA",Tampa,Rabbi  Yossie Dubrowski,Chabad,,,,,,,,,,,,,,Refresh page Refresh page Refresh page,https://www.godaven.com/shul-details/3998/bais-tefilah-(chabad-lubavitch),3,Yes,No,No,Yes,FL,No
Chabad Of Tampa Bay,"14908 Pennington Rd, Tampa, FL 33624, USA",Tampa,Rabbi   Dubrowski,Chabad,,,,,,,,,,,,,,Refresh page Refresh page Refresh page,https://www.godaven.com/shul-details/18927/chabad-of-tampa-bay,3,Yes,No,No,Yes,FL,No
Young Israel Of Tampa,"13207 N 52nd St, Tampa, FL 33617, USA",Tampa,Rabbi  Uriel Rivkin,Modern Orthodox,,,,,,,,,,,,,,Refresh page Refresh page Refresh page,https://www.godaven.com/shul-details/845/young-israel-of-tampa,3,No,Yes,No,Yes,FL,No
Tampa Kollel,"5209 Tampa Palms Blvd, Tampa Palms, FL 33647, USA",Tampa Palms,Rabbi  Yossef Stulberger,Unknown,,,,,,,,,,,,,,Refresh page Refresh page Refresh page,https://www.godaven.com/shul-details/23797/tampa-kollel,3,No,No,No,Yes,FL,No
Chabad Of Jupiter,"1209 Main St, Jupiter, FL 33458, USA",Town Center,Rabbi  Berel Barash,Chabad,,,,,,,,,,,,,,Refresh page Refresh page Refresh page,https://www.godaven.com/shul-details/3093/chabad-of-jupiter,3,Yes,No,No,Yes,FL,No
Chabad Of Gainesville Florida,"2021 NW 5th Ave, Gainesville, FL 32603, USA",University Park,Rabbi  Berl Goldman,Chabad,,,,,,,,,,,,,,Refresh page Refresh page Refresh page,https://www.godaven.com/shul-details/11010/chabad-of-gainesville-florida,3,Yes,No,No,Yes,FL,No
Chabad Of The Venetian And Sunset Islands,"14 Farrey Ln, Miami Beach, FL 33139, USA",Venetian Islands,Rabbi  Shmuel Mann,Chabad,,,,,,,,,,,,,,Refresh page Refresh page Refresh page,https://www.godaven.com/shul-details/2742/chabad-of-the-venetian-and-sunset-islands,3,Yes,No,No,Yes,FL,No
Chabad Of Venice & North Port,"21560 Angela Ln, Venice, FL 34293, USA",Venice,Rabbi  Sholom Ber Schmerling,Chabad,,,,,,,,,,,,,,Refresh page Refresh page Refresh page,https://www.godaven.com/shul-details/7145/chabad-of-venice-&-north-port,3,Yes,No,No,Yes,FL,No
Downtown Jewish Center Chabad,"900 E Broward Blvd, Fort Lauderdale, FL 33301, USA",Victoria Park,Rabbi  Schneur Kaplan,Chabad,,,,,,,,,,,,,,Refresh page Refresh page Refresh page,https://www.godaven.com/shul-details/19664/downtown-jewish-center-chabad,3,Yes,No,No,Yes,FL,No
Chabad Of Coral Springs  Fl,"3925 N University Dr, Coral Springs, FL 33065, USA",Village Green,Rabbi  Yossie Denburg  Avraham Friedman,Chabad,,,,,,,,,,,,,,Refresh page Refresh page Refresh page,https://www.godaven.com/shul-details/1589/chabad-of-coral-springs--fl,3,Yes,No,No,Yes,FL,No
Chabad Of Delray Beach,"7495 W Atlantic Ave, Delray Beach, FL 33446, USA",Villages of Oriole,Rabbi   Korf,Chabad,,,,,,,,,,,,,,Refresh page Refresh page Refresh page,https://www.godaven.com/shul-details/3560/chabad-of-delray-beach,3,Yes,No,No,Yes,FL,No
Delray Torah Center,"7273 W Atlantic Ave, Delray Beach, FL 33446, USA",Villages of Oriole,,Unknown,,,,,,,,,,,,,,Refresh page Refresh page Refresh page,https://www.godaven.com/shul-details/24921/delray-torah-center-,2,No,No,No,Yes,FL,No
Chabad Jewish Center In Wellington,"13860 Wellington Trace, Wellington, FL 33414, USA",Wellington,Rabbi  Rabbi  Mendy Muskal,Chabad,,,,,,,,,,,,,,Refresh page Refresh page Refresh page,https://www.godaven.com/shul-details/1532/chabad-jewish-center-in-wellington,3,Yes,No,No,Yes,FL,No
Chabad Of West Palm Beach,"2112 N Jog Rd, West Palm Beach, FL 33411, USA",West Palm Beach,,Chabad,,,,,,,,,,,,,,Refresh page Refresh page Refresh page,https://www.godaven.com/shul-details/21180/chabad-of-west-palm-beach,2,Yes,No,No,Yes,FL,No
Congregation Aitz Chaim,"2518 Haverhill Rd, West Palm Beach, FL 33417, USA",West Palm Beach,Rabbi  Shaya Richmond,Unknown,,,,,,,,,,,,,,Refresh page Refresh page Refresh page,https://www.godaven.com/shul-details/4378/congregation-aitz-chaim,3,No,No,No,Yes,FL,No
Chabad Weston,"18501 Tequesta Trace Park Ln, Weston, FL 33326, USA",Weston,,Chabad,,,,,,,,,,,,,,Refresh page Refresh page Refresh page,https://www.godaven.com/shul-details/18599/chabad-weston,2,Yes,No,No,Yes,FL,No
Ahavas Hashem Of Tampa Bay,"5414 Salt Plains Ct, Wimauma, FL 33598, USA",Wimauma,,Unknown,,,,,,,,,,,,,,Refresh page Refresh page Refresh page,https://www.godaven.com/shul-details/24526/ahavas-hashem-of-tampa-bay,2,No,No,No,Yes,FL,No
"Windsor At Westside, Orlando, Florida","7664 Comrow St, Kissimmee, FL 34747, USA",Windsor Hills,,Unknown,,,,,,,,,,,,,,Refresh page Refresh page Refresh page,"https://www.godaven.com/shul-details/21522/windsor-at-westside,-orlando,-florida",2,No,No,No,Yes,FL,No
"Windsor Hills, Orlando, Fl","2600 N Old Lake Wilson Rd, Kissimmee, FL 34747, USA",Windsor Hills,,Unknown,,,,,,,,,,,,,,Refresh page Refresh page Refresh page,"https://www.godaven.com/shul-details/21530/windsor-hills,-orlando,-fl",2,No,No,No,Yes,FL,No
Legoland Chiyuv Needs,"1 Legoland Way, Winter Haven, FL 33884, USA",Winter Haven,,Unknown,,,,,,,,,,,,,,Refresh page Refresh page Refresh page,https://www.godaven.com/shul-details/23332/legoland-chiyuv-needs,2,No,No,No,Yes,FL,No
